ID,Name,Route,Source,Type,ConsistencyStatus,HeaderConsistency,ComponentRefactor,SourceAudit,RuntimeEvidence,RelatedViewKeys,IndividualAcceptance,Preservation
"001","Account","/account","apps/mobile/src/app/(tabs)/account.tsx","Page","Source presentation review complete; browser attribution and platform limits below","Shared root header; Back omitted","Shared action/surface/heading/modal/header geometry; existing field/state/status/icon families retained with semantic variants","Inspected final source / dependency graph","Related page route captured; conditional branches are not all verified","pass-2:account","Pending user/device/staging acceptance","Approved source, original before captures and backend contracts preserved"
"002","State / region","/account","apps/mobile/src/app/(tabs)/account.tsx","Modal / distinct surface","Source presentation review complete; browser attribution and platform limits below","Shared root header; Back omitted","Shared action/surface/heading/modal/header geometry; existing field/state/status/icon families retained with semantic variants","Inspected final source / dependency graph","Related route captured; this distinct nested state is not independently attributed","pass-2:account","Pending user/device/staging acceptance","Approved source, original before captures and backend contracts preserved"
"003","Account · ActivityIndicator","/account","apps/mobile/src/app/(tabs)/account.tsx","State","Source presentation review complete; browser attribution and platform limits below","Shared root header; Back omitted","Shared action/surface/heading/modal/header geometry; existing field/state/status/icon families retained with semantic variants","Inspected final source / dependency graph","Related route captured; this distinct nested state is not independently attributed","pass-2:account","Pending user/device/staging acceptance","Approved source, original before captures and backend contracts preserved"
"004","Account · StateNotice","/account","apps/mobile/src/app/(tabs)/account.tsx","State","Source presentation review complete; browser attribution and platform limits below","Shared root header; Back omitted","Shared action/surface/heading/modal/header geometry; existing field/state/status/icon families retained with semantic variants","Inspected final source / dependency graph","Related route captured; this distinct nested state is not independently attributed","pass-2:account","Pending user/device/staging acceptance","Approved source, original before captures and backend contracts preserved"
"005","Business Appointments","/business-appointments","apps/mobile/src/app/(tabs)/business-appointments.tsx","Page","Source presentation review complete; browser attribution and platform limits below","Shared root header; Back omitted","Shared action/surface/heading/modal/header geometry; existing field/state/status/icon families retained with semantic variants","Inspected final source / dependency graph","Related page route captured; conditional branches are not all verified","merchant-pass:merchant-appointments","Pending user/device/staging acceptance","Approved source, original before captures and backend contracts preserved"
"006","Business Requests","/business-requests","apps/mobile/src/app/(tabs)/business-requests.tsx","Page","Source presentation review complete; browser attribution and platform limits below","Shared root header; Back omitted","Shared action/surface/heading/modal/header geometry; existing field/state/status/icon families retained with semantic variants","Inspected final source / dependency graph","Related page route captured; conditional branches are not all verified","merchant-pass:merchant-requests","Pending user/device/staging acceptance","Approved source, original before captures and backend contracts preserved"
"007","Businesses","/businesses","apps/mobile/src/app/(tabs)/businesses.tsx","Page","Source presentation review complete; browser attribution and platform limits below","Shared root header; Back omitted","Shared action/surface/heading/modal/header geometry; existing field/state/status/icon families retained with semantic variants","Inspected final source / dependency graph","Related page route captured; conditional branches are not all verified","merchant-pass:businesses","Pending user/device/staging acceptance","Approved source, original before captures and backend contracts preserved"
"008","Businesses · ActivityIndicator","/businesses","apps/mobile/src/app/(tabs)/businesses.tsx","State","Source presentation review complete; browser attribution and platform limits below","Shared root header; Back omitted","Shared action/surface/heading/modal/header geometry; existing field/state/status/icon families retained with semantic variants","Inspected final source / dependency graph","Related route captured; this distinct nested state is not independently attributed","merchant-pass:businesses","Pending user/device/staging acceptance","Approved source, original before captures and backend contracts preserved"
"009","Businesses · StateNotice","/businesses","apps/mobile/src/app/(tabs)/businesses.tsx","State","Source presentation review complete; browser attribution and platform limits below","Shared root header; Back omitted","Shared action/surface/heading/modal/header geometry; existing field/state/status/icon families retained with semantic variants","Inspected final source / dependency graph","Related route captured; this distinct nested state is not independently attributed","merchant-pass:businesses","Pending user/device/staging acceptance","Approved source, original before captures and backend contracts preserved"
"010","Calendar","/calendar","apps/mobile/src/app/(tabs)/calendar.tsx","Page","Source presentation review complete; browser attribution and platform limits below","Shared root header; Back omitted","Shared action/surface/heading/modal/header geometry; existing field/state/status/icon families retained with semantic variants","Inspected final source / dependency graph","Related page route captured; conditional branches are not all verified","event-pass:event-detail; event-pass:calendar","Pending user/device/staging acceptance","Approved source, original before captures and backend contracts preserved"
"011","Explore","/explore","apps/mobile/src/app/(tabs)/explore.tsx","Page","Source presentation review complete; browser attribution and platform limits below","Shared root header; Back omitted","Shared action/surface/heading/modal/header geometry; existing field/state/status/icon families retained with semantic variants","Inspected final source / dependency graph","Related page route captured; conditional branches are not all verified","current-home:integrated","Pending user/device/staging acceptance","Approved source, original before captures and backend contracts preserved"
"012","Explore · DiscoveryFiltersSheet","/explore","apps/mobile/src/app/(tabs)/explore.tsx","Modal / distinct surface","Source presentation review complete; browser attribution and platform limits below","Shared root header; Back omitted","Shared action/surface/heading/modal/header geometry; existing field/state/status/icon families retained with semantic variants","Inspected final source / dependency graph","Related route captured; this distinct nested state is not independently attributed","current-home:integrated","Pending user/device/staging acceptance","Approved source, original before captures and backend contracts preserved"
"013","Explore · StateNotice","/explore","apps/mobile/src/app/(tabs)/explore.tsx","State","Source presentation review complete; browser attribution and platform limits below","Shared root header; Back omitted","Shared action/surface/heading/modal/header geometry; existing field/state/status/icon families retained with semantic variants","Inspected final source / dependency graph","Related route captured; this distinct nested state is not independently attributed","current-home:integrated","Pending user/device/staging acceptance","Approved source, original before captures and backend contracts preserved"
"014","Explore · ListLoading","/explore","apps/mobile/src/app/(tabs)/explore.tsx","State","Source presentation review complete; browser attribution and platform limits below","Shared root header; Back omitted","Shared action/surface/heading/modal/header geometry; existing field/state/status/icon families retained with semantic variants","Inspected final source / dependency graph","Related route captured; this distinct nested state is not independently attributed","current-home:integrated","Pending user/device/staging acceptance","Approved source, original before captures and backend contracts preserved"
"015","Orders","/orders","apps/mobile/src/app/(tabs)/orders.tsx","Page","Source presentation review complete; browser attribution and platform limits below","Shared root header; Back omitted","Shared action/surface/heading/modal/header geometry; existing field/state/status/icon families retained with semantic variants","Inspected final source / dependency graph","Related page route captured; conditional branches are not all verified","activity-pass:mobile:orders","Pending user/device/staging acceptance","Approved source, original before captures and backend contracts preserved"
"016","Orders · ListLoading","/orders","apps/mobile/src/app/(tabs)/orders.tsx","State","Source presentation review complete; browser attribution and platform limits below","Shared root header; Back omitted","Shared action/surface/heading/modal/header geometry; existing field/state/status/icon families retained with semantic variants","Inspected final source / dependency graph","Related route captured; this distinct nested state is not independently attributed","activity-pass:mobile:orders","Pending user/device/staging acceptance","Approved source, original before captures and backend contracts preserved"
"017","Orders · EmptyState","/orders","apps/mobile/src/app/(tabs)/orders.tsx","State","Source presentation review complete; browser attribution and platform limits below","Shared root header; Back omitted","Shared action/surface/heading/modal/header geometry; existing field/state/status/icon families retained with semantic variants","Inspected final source / dependency graph","Related route captured; this distinct nested state is not independently attributed","activity-pass:mobile:orders","Pending user/device/staging acceptance","Approved source, original before captures and backend contracts preserved"
"018","Orders · StateNotice","/orders","apps/mobile/src/app/(tabs)/orders.tsx","State","Source presentation review complete; browser attribution and platform limits below","Shared root header; Back omitted","Shared action/surface/heading/modal/header geometry; existing field/state/status/icon families retained with semantic variants","Inspected final source / dependency graph","Related route captured; this distinct nested state is not independently attributed","activity-pass:mobile:orders","Pending user/device/staging acceptance","Approved source, original before captures and backend contracts preserved"
"019","Pickup Orders","/pickup-orders","apps/mobile/src/app/(tabs)/pickup-orders.tsx","Page","Source presentation review complete; browser attribution and platform limits below","Shared root header; Back omitted","Shared action/surface/heading/modal/header geometry; existing field/state/status/icon families retained with semantic variants","Inspected final source / dependency graph","Related page route captured; conditional branches are not all verified","merchant-pass:merchant-orders","Pending user/device/staging acceptance","Approved source, original before captures and backend contracts preserved"
"020","Pickup Orders · Modal","/pickup-orders","apps/mobile/src/app/(tabs)/pickup-orders.tsx","Modal / distinct surface","Source presentation review complete; browser attribution and platform limits below","Shared root header; Back omitted","Shared action/surface/heading/modal/header geometry; existing field/state/status/icon families retained with semantic variants","Inspected final source / dependency graph","Related route captured; this distinct nested state is not independently attributed","merchant-pass:merchant-orders","Pending user/device/staging acceptance","Approved source, original before captures and backend contracts preserved"
"021","Pickup Orders · StateNotice","/pickup-orders","apps/mobile/src/app/(tabs)/pickup-orders.tsx","State","Source presentation review complete; browser attribution and platform limits below","Shared root header; Back omitted","Shared action/surface/heading/modal/header geometry; existing field/state/status/icon families retained with semantic variants","Inspected final source / dependency graph","Related route captured; this distinct nested state is not independently attributed","merchant-pass:merchant-orders","Pending user/device/staging acceptance","Approved source, original before captures and backend contracts preserved"
"022","Pickup Orders · ListLoading","/pickup-orders","apps/mobile/src/app/(tabs)/pickup-orders.tsx","State","Source presentation review complete; browser attribution and platform limits below","Shared root header; Back omitted","Shared action/surface/heading/modal/header geometry; existing field/state/status/icon families retained with semantic variants","Inspected final source / dependency graph","Related route captured; this distinct nested state is not independently attributed","merchant-pass:merchant-orders","Pending user/device/staging acceptance","Approved source, original before captures and backend contracts preserved"
"023","Rewards","/rewards","apps/mobile/src/app/(tabs)/rewards.tsx","Page","Source presentation review complete; browser attribution and platform limits below","Shared root header; Back omitted","Shared action/surface/heading/modal/header geometry; existing field/state/status/icon families retained with semantic variants","Inspected final source / dependency graph","Related page route captured; conditional branches are not all verified","pass-2:rewards","Pending user/device/staging acceptance","Approved source, original before captures and backend contracts preserved"
"024","Rewards · FollowingFiltersSheet","/rewards","apps/mobile/src/app/(tabs)/rewards.tsx","Modal / distinct surface","Source presentation review complete; browser attribution and platform limits below","Shared root header; Back omitted","Shared action/surface/heading/modal/header geometry; existing field/state/status/icon families retained with semantic variants","Inspected final source / dependency graph","Related route captured; this distinct nested state is not independently attributed","pass-2:rewards","Pending user/device/staging acceptance","Approved source, original before captures and backend contracts preserved"
"025","Rewards · RewardsCodeSheet","/rewards","apps/mobile/src/app/(tabs)/rewards.tsx","Modal / distinct surface","Source presentation review complete; browser attribution and platform limits below","Shared root header; Back omitted","Shared action/surface/heading/modal/header geometry; existing field/state/status/icon families retained with semantic variants","Inspected final source / dependency graph","Related route captured; this distinct nested state is not independently attributed","pass-2:rewards","Pending user/device/staging acceptance","Approved source, original before captures and backend contracts preserved"
"026","Reminder timing","/rewards","apps/mobile/src/app/(tabs)/rewards.tsx","Modal / distinct surface","Source presentation review complete; browser attribution and platform limits below","Shared root header; Back omitted","Shared action/surface/heading/modal/header geometry; existing field/state/status/icon families retained with semantic variants","Inspected final source / dependency graph","Related route captured; this distinct nested state is not independently attributed","pass-2:rewards","Pending user/device/staging acceptance","Approved source, original before captures and backend contracts preserved"
"027","Repeat reminders","/rewards","apps/mobile/src/app/(tabs)/rewards.tsx","Modal / distinct surface","Source presentation review complete; browser attribution and platform limits below","Shared root header; Back omitted","Shared action/surface/heading/modal/header geometry; existing field/state/status/icon families retained with semantic variants","Inspected final source / dependency graph","Related route captured; this distinct nested state is not independently attributed","pass-2:rewards","Pending user/device/staging acceptance","Approved source, original before captures and backend contracts preserved"
"028","Rewards · Modal","/rewards","apps/mobile/src/app/(tabs)/rewards.tsx","Modal / distinct surface","Source presentation review complete; browser attribution and platform limits below","Shared root header; Back omitted","Shared action/surface/heading/modal/header geometry; existing field/state/status/icon families retained with semantic variants","Inspected final source / dependency graph","Related route captured; this distinct nested state is not independently attributed","pass-2:rewards","Pending user/device/staging acceptance","Approved source, original before captures and backend contracts preserved"
"029","Rewards · ActivityIndicator","/rewards","apps/mobile/src/app/(tabs)/rewards.tsx","State","Source presentation review complete; browser attribution and platform limits below","Shared root header; Back omitted","Shared action/surface/heading/modal/header geometry; existing field/state/status/icon families retained with semantic variants","Inspected final source / dependency graph","Related route captured; this distinct nested state is not independently attributed","pass-2:rewards","Pending user/device/staging acceptance","Approved source, original before captures and backend contracts preserved"
"030","Rewards · StateNotice","/rewards","apps/mobile/src/app/(tabs)/rewards.tsx","State","Source presentation review complete; browser attribution and platform limits below","Shared root header; Back omitted","Shared action/surface/heading/modal/header geometry; existing field/state/status/icon families retained with semantic variants","Inspected final source / dependency graph","Related route captured; this distinct nested state is not independently attributed","pass-2:rewards","Pending user/device/staging acceptance","Approved source, original before captures and backend contracts preserved"
"031","Rewards · ListLoading","/rewards","apps/mobile/src/app/(tabs)/rewards.tsx","State","Source presentation review complete; browser attribution and platform limits below","Shared root header; Back omitted","Shared action/surface/heading/modal/header geometry; existing field/state/status/icon families retained with semantic variants","Inspected final source / dependency graph","Related route captured; this distinct nested state is not independently attributed","pass-2:rewards","Pending user/device/staging acceptance","Approved source, original before captures and backend contracts preserved"
"032","Staff Scan","/staff-scan","apps/mobile/src/app/(tabs)/staff-scan.tsx","Page","Source presentation review complete; browser attribution and platform limits below","Shared root header; Back omitted","Shared action/surface/heading/modal/header geometry; existing field/state/status/icon families retained with semantic variants","Inspected final source / dependency graph","Related page route captured; conditional branches are not all verified","remaining-mobile:staff-scan:page","Pending user/device/staging acceptance","Approved source, original before captures and backend contracts preserved"
"033","Business","/staff-scan","apps/mobile/src/app/(tabs)/staff-scan.tsx","Modal / distinct surface","Source presentation review complete; browser attribution and platform limits below","Shared root header; Back omitted","Shared action/surface/heading/modal/header geometry; existing field/state/status/icon families retained with semantic variants","Inspected final source / dependency graph","Related route captured; this distinct nested state is not independently attributed","remaining-mobile:staff-scan:page","Pending user/device/staging acceptance","Approved source, original before captures and backend contracts preserved"
"034","Business","/staff-scan","apps/mobile/src/app/(tabs)/staff-scan.tsx","Modal / distinct surface","Source presentation review complete; browser attribution and platform limits below","Shared root header; Back omitted","Shared action/surface/heading/modal/header geometry; existing field/state/status/icon families retained with semantic variants","Inspected final source / dependency graph","Related route captured; this distinct nested state is not independently attributed","remaining-mobile:staff-scan:page","Pending user/device/staging acceptance","Approved source, original before captures and backend contracts preserved"
"035","Staff Scan · ActivityIndicator","/staff-scan","apps/mobile/src/app/(tabs)/staff-scan.tsx","State","Source presentation review complete; browser attribution and platform limits below","Shared root header; Back omitted","Shared action/surface/heading/modal/header geometry; existing field/state/status/icon families retained with semantic variants","Inspected final source / dependency graph","Related route captured; this distinct nested state is not independently attributed","remaining-mobile:staff-scan:page","Pending user/device/staging acceptance","Approved source, original before captures and backend contracts preserved"
"036","Staff Scan · BusinessFeatureGate","/staff-scan","apps/mobile/src/app/(tabs)/staff-scan.tsx","State","Source presentation review complete; browser attribution and platform limits below","Shared root header; Back omitted","Shared action/surface/heading/modal/header geometry; existing field/state/status/icon families retained with semantic variants","Inspected final source / dependency graph","Related route captured; this distinct nested state is not independently attributed","remaining-mobile:staff-scan:page","Pending user/device/staging acceptance","Approved source, original before captures and backend contracts preserved"
"037"," Layout","/_layout","apps/mobile/src/app/(tabs)/_layout.tsx","Navigation","Source presentation review complete; browser attribution and platform limits below","Shared header through route/component dependency; existing Back callback/destination retained","Shared action/surface/heading/modal/header geometry; existing field/state/status/icon families retained with semantic variants","Inspected final source / dependency graph","No dedicated current runtime view; source/configuration/transition review only","","Pending user/device/staging acceptance","Approved source, original before captures and backend contracts preserved"
"038","Appointment","/appointment","apps/mobile/src/app/appointment.tsx","Page","Source presentation review complete; browser attribution and platform limits below","Shared header through route/component dependency; existing Back callback/destination retained","Shared action/surface/heading/modal/header geometry; existing field/state/status/icon families retained with semantic variants","Inspected final source / dependency graph","Related page route captured; conditional branches are not all verified","booking-pass:status","Pending user/device/staging acceptance","Approved source, original before captures and backend contracts preserved"
"039","Change appointment","/appointment","apps/mobile/src/app/appointment.tsx","Modal / distinct surface","Source presentation review complete; browser attribution and platform limits below","Parent header retained; shared Close heading for compact sheets, foreground Back for page flows","Shared action/surface/heading/modal/header geometry; existing field/state/status/icon families retained with semantic variants","Inspected final source / dependency graph","Related route captured; this distinct nested state is not independently attributed","booking-pass:status","Pending user/device/staging acceptance","Approved source, original before captures and backend contracts preserved"
"040","Appointment · StateNotice","/appointment","apps/mobile/src/app/appointment.tsx","State","Source presentation review complete; browser attribution and platform limits below","Shared header through route/component dependency; existing Back callback/destination retained","Shared action/surface/heading/modal/header geometry; existing field/state/status/icon families retained with semantic variants","Inspected final source / dependency graph","Related route captured; this distinct nested state is not independently attributed","booking-pass:status","Pending user/device/staging acceptance","Approved source, original before captures and backend contracts preserved"
"041","Auth Callback","/auth/callback","apps/mobile/src/app/auth/callback.tsx","Page","Source presentation review complete; browser attribution and platform limits below","Shared header through route/component dependency; existing Back callback/destination retained","Shared action/surface/heading/modal/header geometry; existing field/state/status/icon families retained with semantic variants","Inspected final source / dependency graph","Related page route captured; conditional branches are not all verified","mobile-entries:auth-callback:large-text; mobile-entries:auth-callback:narrow; mobile-entries:auth-callback:phone","Pending user/device/staging acceptance","Approved source, original before captures and backend contracts preserved"
"042","Callback · ActivityIndicator","/auth/callback","apps/mobile/src/app/auth/callback.tsx","State","Source presentation review complete; browser attribution and platform limits below","Shared header through route/component dependency; existing Back callback/destination retained","Shared action/surface/heading/modal/header geometry; existing field/state/status/icon families retained with semantic variants","Inspected final source / dependency graph","Related route captured; this distinct nested state is not independently attributed","mobile-entries:auth-callback:large-text; mobile-entries:auth-callback:narrow; mobile-entries:auth-callback:phone","Pending user/device/staging acceptance","Approved source, original before captures and backend contracts preserved"
"043","B [Slug]","/b/[slug]","apps/mobile/src/app/b/[slug].tsx","Page","Source presentation review complete; browser attribution and platform limits below","Shared header through route/component dependency; existing Back callback/destination retained","Shared action/surface/heading/modal/header geometry; existing field/state/status/icon families retained with semantic variants","Inspected final source / dependency graph","No dedicated current runtime view; source/configuration/transition review only","","Pending user/device/staging acceptance","Approved source, original before captures and backend contracts preserved"
"044","[Slug] · ActivityIndicator","/b/[slug]","apps/mobile/src/app/b/[slug].tsx","State","Source presentation review complete; browser attribution and platform limits below","Shared header through route/component dependency; existing Back callback/destination retained","Shared action/surface/heading/modal/header geometry; existing field/state/status/icon families retained with semantic variants","Inspected final source / dependency graph","No dedicated current runtime view; source/configuration/transition review only","","Pending user/device/staging acceptance","Approved source, original before captures and backend contracts preserved"
"045","Book Appointment","/book-appointment","apps/mobile/src/app/book-appointment.tsx","Page","Source presentation review complete; browser attribution and platform limits below","Shared header through route/component dependency; existing Back callback/destination retained","Shared action/surface/heading/modal/header geometry; existing field/state/status/icon families retained with semantic variants","Inspected final source / dependency graph","Related page route captured; conditional branches are not all verified","booking-pass:review; booking-pass:time; booking-pass:service","Pending user/device/staging acceptance","Approved source, original before captures and backend contracts preserved"
"046","Book Appointment · StateNotice","/book-appointment","apps/mobile/src/app/book-appointment.tsx","State","Source presentation review complete; browser attribution and platform limits below","Shared header through route/component dependency; existing Back callback/destination retained","Shared action/surface/heading/modal/header geometry; existing field/state/status/icon families retained with semantic variants","Inspected final source / dependency graph","Related route captured; this distinct nested state is not independently attributed","booking-pass:review; booking-pass:time; booking-pass:service","Pending user/device/staging acceptance","Approved source, original before captures and backend contracts preserved"
"047","Business Account","/business-account","apps/mobile/src/app/business-account.tsx","Page","Source presentation review complete; browser attribution and platform limits below","Shared header through route/component dependency; existing Back callback/destination retained","Shared action/surface/heading/modal/header geometry; existing field/state/status/icon families retained with semantic variants","Inspected final source / dependency graph","Related page route captured; conditional branches are not all verified","mobile-entries:business-account:large-text; mobile-entries:business-account:narrow; mobile-entries:business-account:phone","Pending user/device/staging acceptance","Approved source, original before captures and backend contracts preserved"
"048","Business New","/business-new","apps/mobile/src/app/business-new.tsx","Page","Source presentation review complete; browser attribution and platform limits below","Shared header through route/component dependency; existing Back callback/destination retained","Shared action/surface/heading/modal/header geometry; existing field/state/status/icon families retained with semantic variants","Inspected final source / dependency graph","Related page route captured; conditional branches are not all verified","remaining-mobile:business-new:review; remaining-mobile:business-new:location; remaining-mobile:business-new:service-model; remaining-mobile:business-new:identity","Pending user/device/staging acceptance","Approved source, original before captures and backend contracts preserved"
"049","{serviceModel === 'mobile' ? 'State (optional)' : 'State'}","/business-new","apps/mobile/src/app/business-new.tsx","Modal / distinct surface","Source presentation review complete; browser attribution and platform limits below","Parent header retained; shared Close heading for compact sheets, foreground Back for page flows","Shared action/surface/heading/modal/header geometry; existing field/state/status/icon families retained with semantic variants","Inspected final source / dependency graph","Related route captured; this distinct nested state is not independently attributed","remaining-mobile:business-new:review; remaining-mobile:business-new:location; remaining-mobile:business-new:service-model; remaining-mobile:business-new:identity","Pending user/device/staging acceptance","Approved source, original before captures and backend contracts preserved"
"050","Service area","/business-new","apps/mobile/src/app/business-new.tsx","Modal / distinct surface","Source presentation review complete; browser attribution and platform limits below","Parent header retained; shared Close heading for compact sheets, foreground Back for page flows","Shared action/surface/heading/modal/header geometry; existing field/state/status/icon families retained with semantic variants","Inspected final source / dependency graph","Related route captured; this distinct nested state is not independently attributed","remaining-mobile:business-new:review; remaining-mobile:business-new:location; remaining-mobile:business-new:service-model; remaining-mobile:business-new:identity","Pending user/device/staging acceptance","Approved source, original before captures and backend contracts preserved"
"051","Radius from your location","/business-new","apps/mobile/src/app/business-new.tsx","Modal / distinct surface","Source presentation review complete; browser attribution and platform limits below","Parent header retained; shared Close heading for compact sheets, foreground Back for page flows","Shared action/surface/heading/modal/header geometry; existing field/state/status/icon families retained with semantic variants","Inspected final source / dependency graph","Related route captured; this distinct nested state is not independently attributed","remaining-mobile:business-new:review; remaining-mobile:business-new:location; remaining-mobile:business-new:service-model; remaining-mobile:business-new:identity","Pending user/device/staging acceptance","Approved source, original before captures and backend contracts preserved"
"052","Business New · ActivityIndicator","/business-new","apps/mobile/src/app/business-new.tsx","State","Source presentation review complete; browser attribution and platform limits below","Shared header through route/component dependency; existing Back callback/destination retained","Shared action/surface/heading/modal/header geometry; existing field/state/status/icon families retained with semantic variants","Inspected final source / dependency graph","Related route captured; this distinct nested state is not independently attributed","remaining-mobile:business-new:review; remaining-mobile:business-new:location; remaining-mobile:business-new:service-model; remaining-mobile:business-new:identity","Pending user/device/staging acceptance","Approved source, original before captures and backend contracts preserved"
"053","Business Reviews","/business-reviews","apps/mobile/src/app/business-reviews.tsx","Page","Source presentation review complete; browser attribution and platform limits below","Shared header through route/component dependency; existing Back callback/destination retained","Shared action/surface/heading/modal/header geometry; existing field/state/status/icon families retained with semantic variants","Inspected final source / dependency graph","Related page route captured; conditional branches are not all verified","remaining-mobile:business-reviews:reply; remaining-mobile:business-reviews:page","Pending user/device/staging acceptance","Approved source, original before captures and backend contracts preserved"
"054","{selected?.merchantResponse ? 'Review & response' : 'Reply to review'}","/business-reviews","apps/mobile/src/app/business-reviews.tsx","Modal / distinct surface","Source presentation review complete; browser attribution and platform limits below","Parent header retained; shared Close heading for compact sheets, foreground Back for page flows","Shared action/surface/heading/modal/header geometry; existing field/state/status/icon families retained with semantic variants","Inspected final source / dependency graph","Related route captured; this distinct nested state is not independently attributed","remaining-mobile:business-reviews:reply; remaining-mobile:business-reviews:page","Pending user/device/staging acceptance","Approved source, original before captures and backend contracts preserved"
"055","Business Reviews · StateNotice","/business-reviews","apps/mobile/src/app/business-reviews.tsx","State","Source presentation review complete; browser attribution and platform limits below","Shared header through route/component dependency; existing Back callback/destination retained","Shared action/surface/heading/modal/header geometry; existing field/state/status/icon families retained with semantic variants","Inspected final source / dependency graph","Related route captured; this distinct nested state is not independently attributed","remaining-mobile:business-reviews:reply; remaining-mobile:business-reviews:page","Pending user/device/staging acceptance","Approved source, original before captures and backend contracts preserved"
"056","Business Reviews · ListLoading","/business-reviews","apps/mobile/src/app/business-reviews.tsx","State","Source presentation review complete; browser attribution and platform limits below","Shared header through route/component dependency; existing Back callback/destination retained","Shared action/surface/heading/modal/header geometry; existing field/state/status/icon families retained with semantic variants","Inspected final source / dependency graph","Related route captured; this distinct nested state is not independently attributed","remaining-mobile:business-reviews:reply; remaining-mobile:business-reviews:page","Pending user/device/staging acceptance","Approved source, original before captures and backend contracts preserved"
"057","Business Reviews · EmptyState","/business-reviews","apps/mobile/src/app/business-reviews.tsx","State","Source presentation review complete; browser attribution and platform limits below","Shared header through route/component dependency; existing Back callback/destination retained","Shared action/surface/heading/modal/header geometry; existing field/state/status/icon families retained with semantic variants","Inspected final source / dependency graph","Related route captured; this distinct nested state is not independently attributed","remaining-mobile:business-reviews:reply; remaining-mobile:business-reviews:page","Pending user/device/staging acceptance","Approved source, original before captures and backend contracts preserved"
"058","Business","/business","apps/mobile/src/app/business.tsx","Page","Source presentation review complete; browser attribution and platform limits below","Shared header through route/component dependency; existing Back callback/destination retained","Shared action/surface/heading/modal/header geometry; existing field/state/status/icon families retained with semantic variants","Inspected final source / dependency graph","Related page route captured; conditional branches are not all verified","pass-2:merchant","Pending user/device/staging acceptance","Approved source, original before captures and backend contracts preserved"
"059","Event Attendees","/event-attendees","apps/mobile/src/app/event-attendees.tsx","Page","Source presentation review complete; browser attribution and platform limits below","Shared header through route/component dependency; existing Back callback/destination retained","Shared action/surface/heading/modal/header geometry; existing field/state/status/icon families retained with semantic variants","Inspected final source / dependency graph","Related page route captured; conditional branches are not all verified","remaining-mobile:event-attendees:page","Pending user/device/staging acceptance","Approved source, original before captures and backend contracts preserved"
"060","Attendee group","/event-attendees","apps/mobile/src/app/event-attendees.tsx","Modal / distinct surface","Source presentation review complete; browser attribution and platform limits below","Parent header retained; shared Close heading for compact sheets, foreground Back for page flows","Shared action/surface/heading/modal/header geometry; existing field/state/status/icon families retained with semantic variants","Inspected final source / dependency graph","Related route captured; this distinct nested state is not independently attributed","remaining-mobile:event-attendees:page","Pending user/device/staging acceptance","Approved source, original before captures and backend contracts preserved"
"061","Event Attendees · StateNotice","/event-attendees","apps/mobile/src/app/event-attendees.tsx","State","Source presentation review complete; browser attribution and platform limits below","Shared header through route/component dependency; existing Back callback/destination retained","Shared action/surface/heading/modal/header geometry; existing field/state/status/icon families retained with semantic variants","Inspected final source / dependency graph","Related route captured; this distinct nested state is not independently attributed","remaining-mobile:event-attendees:page","Pending user/device/staging acceptance","Approved source, original before captures and backend contracts preserved"
"062","Event Attendees · ListLoading","/event-attendees","apps/mobile/src/app/event-attendees.tsx","State","Source presentation review complete; browser attribution and platform limits below","Shared header through route/component dependency; existing Back callback/destination retained","Shared action/surface/heading/modal/header geometry; existing field/state/status/icon families retained with semantic variants","Inspected final source / dependency graph","Related route captured; this distinct nested state is not independently attributed","remaining-mobile:event-attendees:page","Pending user/device/staging acceptance","Approved source, original before captures and backend contracts preserved"
"063","Event Attendees · EmptyState","/event-attendees","apps/mobile/src/app/event-attendees.tsx","State","Source presentation review complete; browser attribution and platform limits below","Shared header through route/component dependency; existing Back callback/destination retained","Shared action/surface/heading/modal/header geometry; existing field/state/status/icon families retained with semantic variants","Inspected final source / dependency graph","Related route captured; this distinct nested state is not independently attributed","remaining-mobile:event-attendees:page","Pending user/device/staging acceptance","Approved source, original before captures and backend contracts preserved"
"064","Home","/","apps/mobile/src/app/index.tsx","Page","Source presentation review complete; browser attribution and platform limits below","Shared header through route/component dependency; existing Back callback/destination retained","Shared action/surface/heading/modal/header geometry; existing field/state/status/icon families retained with semantic variants","Inspected final source / dependency graph","No dedicated current runtime view; source/configuration/transition review only","","Pending user/device/staging acceptance","Approved source, original before captures and backend contracts preserved"
"065","Index · ActivityIndicator","/","apps/mobile/src/app/index.tsx","State","Source presentation review complete; browser attribution and platform limits below","Shared header through route/component dependency; existing Back callback/destination retained","Shared action/surface/heading/modal/header geometry; existing field/state/status/icon families retained with semantic variants","Inspected final source / dependency graph","No dedicated current runtime view; source/configuration/transition review only","","Pending user/device/staging acceptance","Approved source, original before captures and backend contracts preserved"
"066","Listing Plans","/listing-plans","apps/mobile/src/app/listing-plans.tsx","Page","Source presentation review complete; browser attribution and platform limits below","Shared header through route/component dependency; existing Back callback/destination retained","Shared action/surface/heading/modal/header geometry; existing field/state/status/icon families retained with semantic variants","Inspected final source / dependency graph","Related page route captured; conditional branches are not all verified","remaining-mobile:listing-plans:page","Pending user/device/staging acceptance","Approved source, original before captures and backend contracts preserved"
"067","Listing Plans · StateNotice","/listing-plans","apps/mobile/src/app/listing-plans.tsx","State","Source presentation review complete; browser attribution and platform limits below","Shared header through route/component dependency; existing Back callback/destination retained","Shared action/surface/heading/modal/header geometry; existing field/state/status/icon families retained with semantic variants","Inspected final source / dependency graph","Related route captured; this distinct nested state is not independently attributed","remaining-mobile:listing-plans:page","Pending user/device/staging acceptance","Approved source, original before captures and backend contracts preserved"
"068","My Appointments","/my-appointments","apps/mobile/src/app/my-appointments.tsx","Page","Source presentation review complete; browser attribution and platform limits below","Shared header through route/component dependency; existing Back callback/destination retained","Shared action/surface/heading/modal/header geometry; existing field/state/status/icon families retained with semantic variants","Inspected final source / dependency graph","Related page route captured; conditional branches are not all verified","activity-pass:mobile:appointments","Pending user/device/staging acceptance","Approved source, original before captures and backend contracts preserved"
"069","My Event Reviews","/my-event-reviews","apps/mobile/src/app/my-event-reviews.tsx","Page","Source presentation review complete; browser attribution and platform limits below","Shared header through route/component dependency; existing Back callback/destination retained","Shared action/surface/heading/modal/header geometry; existing field/state/status/icon families retained with semantic variants","Inspected final source / dependency graph","Related page route captured; conditional branches are not all verified","remaining-mobile:my-event-reviews:review; remaining-mobile:my-event-reviews:page","Pending user/device/staging acceptance","Approved source, original before captures and backend contracts preserved"
"070","{selected?.review ? 'Your event review' : 'Review your experience'}","/my-event-reviews","apps/mobile/src/app/my-event-reviews.tsx","Modal / distinct surface","Source presentation review complete; browser attribution and platform limits below","Parent header retained; shared Close heading for compact sheets, foreground Back for page flows","Shared action/surface/heading/modal/header geometry; existing field/state/status/icon families retained with semantic variants","Inspected final source / dependency graph","Related route captured; this distinct nested state is not independently attributed","remaining-mobile:my-event-reviews:review; remaining-mobile:my-event-reviews:page","Pending user/device/staging acceptance","Approved source, original before captures and backend contracts preserved"
"071","My Event Reviews · StateNotice","/my-event-reviews","apps/mobile/src/app/my-event-reviews.tsx","State","Source presentation review complete; browser attribution and platform limits below","Shared header through route/component dependency; existing Back callback/destination retained","Shared action/surface/heading/modal/header geometry; existing field/state/status/icon families retained with semantic variants","Inspected final source / dependency graph","Related route captured; this distinct nested state is not independently attributed","remaining-mobile:my-event-reviews:review; remaining-mobile:my-event-reviews:page","Pending user/device/staging acceptance","Approved source, original before captures and backend contracts preserved"
"072","My Event Reviews · ListLoading","/my-event-reviews","apps/mobile/src/app/my-event-reviews.tsx","State","Source presentation review complete; browser attribution and platform limits below","Shared header through route/component dependency; existing Back callback/destination retained","Shared action/surface/heading/modal/header geometry; existing field/state/status/icon families retained with semantic variants","Inspected final source / dependency graph","Related route captured; this distinct nested state is not independently attributed","remaining-mobile:my-event-reviews:review; remaining-mobile:my-event-reviews:page","Pending user/device/staging acceptance","Approved source, original before captures and backend contracts preserved"
"073","My Event Reviews · EmptyState","/my-event-reviews","apps/mobile/src/app/my-event-reviews.tsx","State","Source presentation review complete; browser attribution and platform limits below","Shared header through route/component dependency; existing Back callback/destination retained","Shared action/surface/heading/modal/header geometry; existing field/state/status/icon families retained with semantic variants","Inspected final source / dependency graph","Related route captured; this distinct nested state is not independently attributed","remaining-mobile:my-event-reviews:review; remaining-mobile:my-event-reviews:page","Pending user/device/staging acceptance","Approved source, original before captures and backend contracts preserved"
"074","My Service Requests","/my-service-requests","apps/mobile/src/app/my-service-requests.tsx","Page","Source presentation review complete; browser attribution and platform limits below","Shared header through route/component dependency; existing Back callback/destination retained","Shared action/surface/heading/modal/header geometry; existing field/state/status/icon families retained with semantic variants","Inspected final source / dependency graph","Related page route captured; conditional branches are not all verified","activity-pass:mobile:requests","Pending user/device/staging acceptance","Approved source, original before captures and backend contracts preserved"
"075","{selected ? requestBusinessName(selected) : 'Request details'}","/my-service-requests","apps/mobile/src/app/my-service-requests.tsx","Modal / distinct surface","Source presentation review complete; browser attribution and platform limits below","Parent header retained; shared Close heading for compact sheets, foreground Back for page flows","Shared action/surface/heading/modal/header geometry; existing field/state/status/icon families retained with semantic variants","Inspected final source / dependency graph","Related route captured; this distinct nested state is not independently attributed","activity-pass:mobile:requests","Pending user/device/staging acceptance","Approved source, original before captures and backend contracts preserved"
"076","My Service Requests · EmptyState","/my-service-requests","apps/mobile/src/app/my-service-requests.tsx","State","Source presentation review complete; browser attribution and platform limits below","Shared header through route/component dependency; existing Back callback/destination retained","Shared action/surface/heading/modal/header geometry; existing field/state/status/icon families retained with semantic variants","Inspected final source / dependency graph","Related route captured; this distinct nested state is not independently attributed","activity-pass:mobile:requests","Pending user/device/staging acceptance","Approved source, original before captures and backend contracts preserved"
"077","My Service Requests · StateNotice","/my-service-requests","apps/mobile/src/app/my-service-requests.tsx","State","Source presentation review complete; browser attribution and platform limits below","Shared header through route/component dependency; existing Back callback/destination retained","Shared action/surface/heading/modal/header geometry; existing field/state/status/icon families retained with semantic variants","Inspected final source / dependency graph","Related route captured; this distinct nested state is not independently attributed","activity-pass:mobile:requests","Pending user/device/staging acceptance","Approved source, original before captures and backend contracts preserved"
"078","My Service Requests · ListLoading","/my-service-requests","apps/mobile/src/app/my-service-requests.tsx","State","Source presentation review complete; browser attribution and platform limits below","Shared header through route/component dependency; existing Back callback/destination retained","Shared action/surface/heading/modal/header geometry; existing field/state/status/icon families retained with semantic variants","Inspected final source / dependency graph","Related route captured; this distinct nested state is not independently attributed","activity-pass:mobile:requests","Pending user/device/staging acceptance","Approved source, original before captures and backend contracts preserved"
"079","Notification","/notification","apps/mobile/src/app/notification.tsx","Page","Source presentation review complete; browser attribution and platform limits below","Shared header through route/component dependency; existing Back callback/destination retained","Shared action/surface/heading/modal/header geometry; existing field/state/status/icon families retained with semantic variants","Inspected final source / dependency graph","Related page route captured; conditional branches are not all verified","activity-pass:mobile:alerts","Pending user/device/staging acceptance","Approved source, original before captures and backend contracts preserved"
"080","Notification · ActivityIndicator","/notification","apps/mobile/src/app/notification.tsx","State","Source presentation review complete; browser attribution and platform limits below","Shared header through route/component dependency; existing Back callback/destination retained","Shared action/surface/heading/modal/header geometry; existing field/state/status/icon families retained with semantic variants","Inspected final source / dependency graph","Related route captured; this distinct nested state is not independently attributed","activity-pass:mobile:alerts","Pending user/device/staging acceptance","Approved source, original before captures and backend contracts preserved"
"081","Order","/order","apps/mobile/src/app/order.tsx","Page","Source presentation review complete; browser attribution and platform limits below","Shared header through route/component dependency; existing Back callback/destination retained","Shared action/surface/heading/modal/header geometry; existing field/state/status/icon families retained with semantic variants","Inspected final source / dependency graph","Related page route captured; conditional branches are not all verified","real-order:status; real-order:review; real-order:contact; real-order:cart; real-order:customization; real-order:menu","Pending user/device/staging acceptance","Approved source, original before captures and backend contracts preserved"
"082","Order · PickupMenu","/order","apps/mobile/src/app/order.tsx","Modal / distinct surface","Source presentation review complete; browser attribution and platform limits below","Parent header retained; shared Close heading for compact sheets, foreground Back for page flows","Shared action/surface/heading/modal/header geometry; existing field/state/status/icon families retained with semantic variants","Inspected final source / dependency graph","Related route captured; this distinct nested state is not independently attributed","real-order:status; real-order:review; real-order:contact; real-order:cart; real-order:customization; real-order:menu","Pending user/device/staging acceptance","Approved source, original before captures and backend contracts preserved"
"083","Order · PickupCart","/order","apps/mobile/src/app/order.tsx","Modal / distinct surface","Source presentation review complete; browser attribution and platform limits below","Parent header retained; shared Close heading for compact sheets, foreground Back for page flows","Shared action/surface/heading/modal/header geometry; existing field/state/status/icon families retained with semantic variants","Inspected final source / dependency graph","Related route captured; this distinct nested state is not independently attributed","real-order:status; real-order:review; real-order:contact; real-order:cart; real-order:customization; real-order:menu","Pending user/device/staging acceptance","Approved source, original before captures and backend contracts preserved"
"084","Pickup Order","/pickup-order","apps/mobile/src/app/pickup-order.tsx","Page","Source presentation review complete; browser attribution and platform limits below","Shared header through route/component dependency; existing Back callback/destination retained","Shared action/surface/heading/modal/header geometry; existing field/state/status/icon families retained with semantic variants","Inspected final source / dependency graph","Related page route captured; conditional branches are not all verified","remaining-mobile:pickup-order:page","Pending user/device/staging acceptance","Approved source, original before captures and backend contracts preserved"
"085","Order items & total","/pickup-order","apps/mobile/src/app/pickup-order.tsx","Modal / distinct surface","Source presentation review complete; browser attribution and platform limits below","Parent header retained; shared Close heading for compact sheets, foreground Back for page flows","Shared action/surface/heading/modal/header geometry; existing field/state/status/icon families retained with semantic variants","Inspected final source / dependency graph","Related route captured; this distinct nested state is not independently attributed","remaining-mobile:pickup-order:page","Pending user/device/staging acceptance","Approved source, original before captures and backend contracts preserved"
"086","Pickup Order · OrderActionsSheet","/pickup-order","apps/mobile/src/app/pickup-order.tsx","Modal / distinct surface","Source presentation review complete; browser attribution and platform limits below","Parent header retained; shared Close heading for compact sheets, foreground Back for page flows","Shared action/surface/heading/modal/header geometry; existing field/state/status/icon families retained with semantic variants","Inspected final source / dependency graph","Related route captured; this distinct nested state is not independently attributed","remaining-mobile:pickup-order:page","Pending user/device/staging acceptance","Approved source, original before captures and backend contracts preserved"
"087","Pickup Order · StateNotice","/pickup-order","apps/mobile/src/app/pickup-order.tsx","State","Source presentation review complete; browser attribution and platform limits below","Shared header through route/component dependency; existing Back callback/destination retained","Shared action/surface/heading/modal/header geometry; existing field/state/status/icon families retained with semantic variants","Inspected final source / dependency graph","Related route captured; this distinct nested state is not independently attributed","remaining-mobile:pickup-order:page","Pending user/device/staging acceptance","Approved source, original before captures and backend contracts preserved"
"088","Pickup Order · ListLoading","/pickup-order","apps/mobile/src/app/pickup-order.tsx","State","Source presentation review complete; browser attribution and platform limits below","Shared header through route/component dependency; existing Back callback/destination retained","Shared action/surface/heading/modal/header geometry; existing field/state/status/icon families retained with semantic variants","Inspected final source / dependency graph","Related route captured; this distinct nested state is not independently attributed","remaining-mobile:pickup-order:page","Pending user/device/staging acceptance","Approved source, original before captures and backend contracts preserved"
"089","Request Form","/request-form","apps/mobile/src/app/request-form.tsx","Page","Source presentation review complete; browser attribution and platform limits below","Shared header through route/component dependency; existing Back callback/destination retained","Shared action/surface/heading/modal/header geometry; existing field/state/status/icon families retained with semantic variants","Inspected final source / dependency graph","Related page route captured; conditional branches are not all verified","remaining-mobile:request-form:preview; remaining-mobile:request-form:edit; remaining-mobile:request-form:page","Pending user/device/staging acceptance","Approved source, original before captures and backend contracts preserved"
"090","Request Form · StateNotice","/request-form","apps/mobile/src/app/request-form.tsx","State","Source presentation review complete; browser attribution and platform limits below","Shared header through route/component dependency; existing Back callback/destination retained","Shared action/surface/heading/modal/header geometry; existing field/state/status/icon families retained with semantic variants","Inspected final source / dependency graph","Related route captured; this distinct nested state is not independently attributed","remaining-mobile:request-form:preview; remaining-mobile:request-form:edit; remaining-mobile:request-form:page","Pending user/device/staging acceptance","Approved source, original before captures and backend contracts preserved"
"091","Request Form · ListLoading","/request-form","apps/mobile/src/app/request-form.tsx","State","Source presentation review complete; browser attribution and platform limits below","Shared header through route/component dependency; existing Back callback/destination retained","Shared action/surface/heading/modal/header geometry; existing field/state/status/icon families retained with semantic variants","Inspected final source / dependency graph","Related route captured; this distinct nested state is not independently attributed","remaining-mobile:request-form:preview; remaining-mobile:request-form:edit; remaining-mobile:request-form:page","Pending user/device/staging acceptance","Approved source, original before captures and backend contracts preserved"
"092","Request Form · BusinessFeatureGate","/request-form","apps/mobile/src/app/request-form.tsx","State","Source presentation review complete; browser attribution and platform limits below","Shared header through route/component dependency; existing Back callback/destination retained","Shared action/surface/heading/modal/header geometry; existing field/state/status/icon families retained with semantic variants","Inspected final source / dependency graph","Related route captured; this distinct nested state is not independently attributed","remaining-mobile:request-form:preview; remaining-mobile:request-form:edit; remaining-mobile:request-form:page","Pending user/device/staging acceptance","Approved source, original before captures and backend contracts preserved"
"093","Service Request","/service-request","apps/mobile/src/app/service-request.tsx","Page","Source presentation review complete; browser attribution and platform limits below","Shared header through route/component dependency; existing Back callback/destination retained","Shared action/surface/heading/modal/header geometry; existing field/state/status/icon families retained with semantic variants","Inspected final source / dependency graph","Related page route captured; conditional branches are not all verified","request-pass:review; request-pass:form","Pending user/device/staging acceptance","Approved source, original before captures and backend contracts preserved"
"094","{attempt ? 'Leave unconfirmed request?' : 'Discard request?'}","/service-request","apps/mobile/src/app/service-request.tsx","Modal / distinct surface","Source presentation review complete; browser attribution and platform limits below","Parent header retained; shared Close heading for compact sheets, foreground Back for page flows","Shared action/surface/heading/modal/header geometry; existing field/state/status/icon families retained with semantic variants","Inspected final source / dependency graph","Related route captured; this distinct nested state is not independently attributed","request-pass:review; request-pass:form","Pending user/device/staging acceptance","Approved source, original before captures and backend contracts preserved"
"095","Service Request · ListLoading","/service-request","apps/mobile/src/app/service-request.tsx","State","Source presentation review complete; browser attribution and platform limits below","Shared header through route/component dependency; existing Back callback/destination retained","Shared action/surface/heading/modal/header geometry; existing field/state/status/icon families retained with semantic variants","Inspected final source / dependency graph","Related route captured; this distinct nested state is not independently attributed","request-pass:review; request-pass:form","Pending user/device/staging acceptance","Approved source, original before captures and backend contracts preserved"
"096","Service Request · StateNotice","/service-request","apps/mobile/src/app/service-request.tsx","State","Source presentation review complete; browser attribution and platform limits below","Shared header through route/component dependency; existing Back callback/destination retained","Shared action/surface/heading/modal/header geometry; existing field/state/status/icon families retained with semantic variants","Inspected final source / dependency graph","Related route captured; this distinct nested state is not independently attributed","request-pass:review; request-pass:form","Pending user/device/staging acceptance","Approved source, original before captures and backend contracts preserved"
"097","Service Request · EmptyState","/service-request","apps/mobile/src/app/service-request.tsx","State","Source presentation review complete; browser attribution and platform limits below","Shared header through route/component dependency; existing Back callback/destination retained","Shared action/surface/heading/modal/header geometry; existing field/state/status/icon families retained with semantic variants","Inspected final source / dependency graph","Related route captured; this distinct nested state is not independently attributed","request-pass:review; request-pass:form","Pending user/device/staging acceptance","Approved source, original before captures and backend contracts preserved"
"098","Service Requests","/service-requests","apps/mobile/src/app/service-requests.tsx","Page","Source presentation review complete; browser attribution and platform limits below","Shared header through route/component dependency; existing Back callback/destination retained","Shared action/surface/heading/modal/header geometry; existing field/state/status/icon families retained with semantic variants","Inspected final source / dependency graph","Related page route captured; conditional branches are not all verified","remaining-mobile:service-requests:page","Pending user/device/staging acceptance","Approved source, original before captures and backend contracts preserved"
"099","Service request","/service-requests","apps/mobile/src/app/service-requests.tsx","Modal / distinct surface","Source presentation review complete; browser attribution and platform limits below","Parent header retained; shared Close heading for compact sheets, foreground Back for page flows","Shared action/surface/heading/modal/header geometry; existing field/state/status/icon families retained with semantic variants","Inspected final source / dependency graph","Related route captured; this distinct nested state is not independently attributed","remaining-mobile:service-requests:page","Pending user/device/staging acceptance","Approved source, original before captures and backend contracts preserved"
"100","Service Requests · StateNotice","/service-requests","apps/mobile/src/app/service-requests.tsx","State","Source presentation review complete; browser attribution and platform limits below","Shared header through route/component dependency; existing Back callback/destination retained","Shared action/surface/heading/modal/header geometry; existing field/state/status/icon families retained with semantic variants","Inspected final source / dependency graph","Related route captured; this distinct nested state is not independently attributed","remaining-mobile:service-requests:page","Pending user/device/staging acceptance","Approved source, original before captures and backend contracts preserved"
"101","Service Requests · ListLoading","/service-requests","apps/mobile/src/app/service-requests.tsx","State","Source presentation review complete; browser attribution and platform limits below","Shared header through route/component dependency; existing Back callback/destination retained","Shared action/surface/heading/modal/header geometry; existing field/state/status/icon families retained with semantic variants","Inspected final source / dependency graph","Related route captured; this distinct nested state is not independently attributed","remaining-mobile:service-requests:page","Pending user/device/staging acceptance","Approved source, original before captures and backend contracts preserved"
"102","Service Requests · EmptyState","/service-requests","apps/mobile/src/app/service-requests.tsx","State","Source presentation review complete; browser attribution and platform limits below","Shared header through route/component dependency; existing Back callback/destination retained","Shared action/surface/heading/modal/header geometry; existing field/state/status/icon families retained with semantic variants","Inspected final source / dependency graph","Related route captured; this distinct nested state is not independently attributed","remaining-mobile:service-requests:page","Pending user/device/staging acceptance","Approved source, original before captures and backend contracts preserved"
"103","Staff Invite","/staff-invite","apps/mobile/src/app/staff-invite.tsx","Page","Source presentation review complete; browser attribution and platform limits below","Shared header through route/component dependency; existing Back callback/destination retained","Shared action/surface/heading/modal/header geometry; existing field/state/status/icon families retained with semantic variants","Inspected final source / dependency graph","Related page route captured; conditional branches are not all verified","remaining-mobile:staff-invite:page","Pending user/device/staging acceptance","Approved source, original before captures and backend contracts preserved"
"104","Staff Invite · ActivityIndicator","/staff-invite","apps/mobile/src/app/staff-invite.tsx","State","Source presentation review complete; browser attribution and platform limits below","Shared header through route/component dependency; existing Back callback/destination retained","Shared action/surface/heading/modal/header geometry; existing field/state/status/icon families retained with semantic variants","Inspected final source / dependency graph","Related route captured; this distinct nested state is not independently attributed","remaining-mobile:staff-invite:page","Pending user/device/staging acceptance","Approved source, original before captures and backend contracts preserved"
"105"," Layout","/_layout","apps/mobile/src/app/_layout.tsx","Navigation","Source presentation review complete; browser attribution and platform limits below","Shared header through route/component dependency; existing Back callback/destination retained","Shared action/surface/heading/modal/header geometry; existing field/state/status/icon families retained with semantic variants","Inspected final source / dependency graph","No dedicated current runtime view; source/configuration/transition review only","","Pending user/device/staging acceptance","Approved source, original before captures and backend contracts preserved"
"106","Alerts Button · Modal","Shared surface","apps/mobile/src/components/alerts-button.tsx","Modal / distinct surface","Source presentation review complete; browser attribution and platform limits below","Parent header retained; shared Close heading for compact sheets, foreground Back for page flows","Shared action/surface/heading/modal/header geometry; existing field/state/status/icon families retained with semantic variants","Inspected final source / dependency graph","No dedicated current runtime view; source/configuration/transition review only","","Pending user/device/staging acceptance","Approved source, original before captures and backend contracts preserved"
"107","Assigned team member","Shared surface","apps/mobile/src/components/appointment-workspace.tsx","Modal / distinct surface","Source presentation review complete; browser attribution and platform limits below","Parent header retained; shared Close heading for compact sheets, foreground Back for page flows","Shared action/surface/heading/modal/header geometry; existing field/state/status/icon families retained with semantic variants","Inspected final source / dependency graph","No dedicated current runtime view; source/configuration/transition review only","","Pending user/device/staging acceptance","Approved source, original before captures and backend contracts preserved"
"108","Show start times every","Shared surface","apps/mobile/src/components/appointment-workspace.tsx","Modal / distinct surface","Source presentation review complete; browser attribution and platform limits below","Parent header retained; shared Close heading for compact sheets, foreground Back for page flows","Shared action/surface/heading/modal/header geometry; existing field/state/status/icon families retained with semantic variants","Inspected final source / dependency graph","No dedicated current runtime view; source/configuration/transition review only","","Pending user/device/staging acceptance","Approved source, original before captures and backend contracts preserved"
"109","{services.find((s) => s.id === selectedServiceId)?.name || 'New service'}","Shared surface","apps/mobile/src/components/appointment-workspace.tsx","Modal / distinct surface","Source presentation review complete; browser attribution and platform limits below","Parent header retained; shared Close heading for compact sheets, foreground Back for page flows","Shared action/surface/heading/modal/header geometry; existing field/state/status/icon families retained with semantic variants","Inspected final source / dependency graph","No dedicated current runtime view; source/configuration/transition review only","","Pending user/device/staging acceptance","Approved source, original before captures and backend contracts preserved"
"110","When customers pay","Shared surface","apps/mobile/src/components/appointment-workspace.tsx","Modal / distinct surface","Source presentation review complete; browser attribution and platform limits below","Parent header retained; shared Close heading for compact sheets, foreground Back for page flows","Shared action/surface/heading/modal/header geometry; existing field/state/status/icon families retained with semantic variants","Inspected final source / dependency graph","No dedicated current runtime view; source/configuration/transition review only","","Pending user/device/staging acceptance","Approved source, original before captures and backend contracts preserved"
"111","Appointment details","Shared surface","apps/mobile/src/components/appointment-workspace.tsx","Modal / distinct surface","Source presentation review complete; browser attribution and platform limits below","Parent header retained; shared Close heading for compact sheets, foreground Back for page flows","Shared action/surface/heading/modal/header geometry; existing field/state/status/icon families retained with semantic variants","Inspected final source / dependency graph","No dedicated current runtime view; source/configuration/transition review only","","Pending user/device/staging acceptance","Approved source, original before captures and backend contracts preserved"
"112","{label}","Shared surface","apps/mobile/src/components/booking-interval-field.tsx","Modal / distinct surface","Source presentation review complete; browser attribution and platform limits below","Parent header retained; shared Close heading for compact sheets, foreground Back for page flows","Shared action/surface/heading/modal/header geometry; existing field/state/status/icon families retained with semantic variants","Inspected final source / dependency graph","No dedicated current runtime view; source/configuration/transition review only","","Pending user/device/staging acceptance","Approved source, original before captures and backend contracts preserved"
"113","{label}","Shared surface","apps/mobile/src/components/booking-time-field.tsx","Modal / distinct surface","Source presentation review complete; browser attribution and platform limits below","Parent header retained; shared Close heading for compact sheets, foreground Back for page flows","Shared action/surface/heading/modal/header geometry; existing field/state/status/icon families retained with semantic variants","Inspected final source / dependency graph","No dedicated current runtime view; source/configuration/transition review only","","Pending user/device/staging acceptance","Approved source, original before captures and backend contracts preserved"
"114","Booking Time Field · DateTimePicker","Shared surface","apps/mobile/src/components/booking-time-field.tsx","Modal / distinct surface","Source presentation review complete; browser attribution and platform limits below","Parent header retained; shared Close heading for compact sheets, foreground Back for page flows","Shared action/surface/heading/modal/header geometry; existing field/state/status/icon families retained with semantic variants","Inspected final source / dependency graph","No dedicated current runtime view; source/configuration/transition review only","","Pending user/device/staging acceptance","Approved source, original before captures and backend contracts preserved"
"115","{label}","Shared surface","apps/mobile/src/components/brand-color-picker.tsx","Modal / distinct surface","Source presentation review complete; browser attribution and platform limits below","Parent header retained; shared Close heading for compact sheets, foreground Back for page flows","Shared action/surface/heading/modal/header geometry; existing field/state/status/icon families retained with semantic variants","Inspected final source / dependency graph","No dedicated current runtime view; source/configuration/transition review only","","Pending user/device/staging acceptance","Approved source, original before captures and backend contracts preserved"
"116","Business Qr Poster · Modal","Shared surface","apps/mobile/src/components/business-qr-poster.tsx","Modal / distinct surface","Source presentation review complete; browser attribution and platform limits below","Parent header retained; shared Close heading for compact sheets, foreground Back for page flows","Shared action/surface/heading/modal/header geometry; existing field/state/status/icon families retained with semantic variants","Inspected final source / dependency graph","No dedicated current runtime view; source/configuration/transition review only","","Pending user/device/staging acceptance","Approved source, original before captures and backend contracts preserved"
"117","Choose a time","Shared surface","apps/mobile/src/components/business-workspace-panels.tsx","Modal / distinct surface","Source presentation review complete; browser attribution and platform limits below","Parent header retained; shared Close heading for compact sheets, foreground Back for page flows","Shared action/surface/heading/modal/header geometry; existing field/state/status/icon families retained with semantic variants","Inspected final source / dependency graph","No dedicated current runtime view; source/configuration/transition review only","","Pending user/device/staging acceptance","Approved source, original before captures and backend contracts preserved"
"118","Business Workspace Panels · DateTimePicker","Shared surface","apps/mobile/src/components/business-workspace-panels.tsx","Modal / distinct surface","Source presentation review complete; browser attribution and platform limits below","Parent header retained; shared Close heading for compact sheets, foreground Back for page flows","Shared action/surface/heading/modal/header geometry; existing field/state/status/icon families retained with semantic variants","Inspected final source / dependency graph","No dedicated current runtime view; source/configuration/transition review only","","Pending user/device/staging acceptance","Approved source, original before captures and backend contracts preserved"
"119","Business Workspace Sheet · Modal","Shared surface","apps/mobile/src/components/business-workspace-sheet.tsx","Modal / distinct surface","Source presentation review complete; browser attribution and platform limits below","Parent header retained; shared Close heading for compact sheets, foreground Back for page flows","Shared action/surface/heading/modal/header geometry; existing field/state/status/icon families retained with semantic variants","Inspected final source / dependency graph","No dedicated current runtime view; source/configuration/transition review only","","Pending user/device/staging acceptance","Approved source, original before captures and backend contracts preserved"
"120","Edit profile and branding","Shared surface","apps/mobile/src/components/business-workspace.tsx","Modal / distinct surface","Source presentation review complete; browser attribution and platform limits below","Parent header retained; shared Close heading for compact sheets, foreground Back for page flows","Shared action/surface/heading/modal/header geometry; existing field/state/status/icon families retained with semantic variants","Inspected final source / dependency graph","No dedicated current runtime view; source/configuration/transition review only","","Pending user/device/staging acceptance","Approved source, original before captures and backend contracts preserved"
"121","Business type","Shared surface","apps/mobile/src/components/business-workspace.tsx","Modal / distinct surface","Source presentation review complete; browser attribution and platform limits below","Parent header retained; shared Close heading for compact sheets, foreground Back for page flows","Shared action/surface/heading/modal/header geometry; existing field/state/status/icon families retained with semantic variants","Inspected final source / dependency graph","No dedicated current runtime view; source/configuration/transition review only","","Pending user/device/staging acceptance","Approved source, original before captures and backend contracts preserved"
"122","Primary brand color","Shared surface","apps/mobile/src/components/business-workspace.tsx","Modal / distinct surface","Source presentation review complete; browser attribution and platform limits below","Parent header retained; shared Close heading for compact sheets, foreground Back for page flows","Shared action/surface/heading/modal/header geometry; existing field/state/status/icon families retained with semantic variants","Inspected final source / dependency graph","No dedicated current runtime view; source/configuration/transition review only","","Pending user/device/staging acceptance","Approved source, original before captures and backend contracts preserved"
"123","Accent brand color","Shared surface","apps/mobile/src/components/business-workspace.tsx","Modal / distinct surface","Source presentation review complete; browser attribution and platform limits below","Parent header retained; shared Close heading for compact sheets, foreground Back for page flows","Shared action/surface/heading/modal/header geometry; existing field/state/status/icon families retained with semantic variants","Inspected final source / dependency graph","No dedicated current runtime view; source/configuration/transition review only","","Pending user/device/staging acceptance","Approved source, original before captures and backend contracts preserved"
"124","Edit contact information","Shared surface","apps/mobile/src/components/business-workspace.tsx","Modal / distinct surface","Source presentation review complete; browser attribution and platform limits below","Parent header retained; shared Close heading for compact sheets, foreground Back for page flows","Shared action/surface/heading/modal/header geometry; existing field/state/status/icon families retained with semantic variants","Inspected final source / dependency graph","No dedicated current runtime view; source/configuration/transition review only","","Pending user/device/staging acceptance","Approved source, original before captures and backend contracts preserved"
"125","Edit service area","Shared surface","apps/mobile/src/components/business-workspace.tsx","Modal / distinct surface","Source presentation review complete; browser attribution and platform limits below","Parent header retained; shared Close heading for compact sheets, foreground Back for page flows","Shared action/surface/heading/modal/header geometry; existing field/state/status/icon families retained with semantic variants","Inspected final source / dependency graph","No dedicated current runtime view; source/configuration/transition review only","","Pending user/device/staging acceptance","Approved source, original before captures and backend contracts preserved"
"126","{`State${serviceAreaType === 'statewide' ? ' (required)' : ' (optional)'}`}","Shared surface","apps/mobile/src/components/business-workspace.tsx","Modal / distinct surface","Source presentation review complete; browser attribution and platform limits below","Parent header retained; shared Close heading for compact sheets, foreground Back for page flows","Shared action/surface/heading/modal/header geometry; existing field/state/status/icon families retained with semantic variants","Inspected final source / dependency graph","No dedicated current runtime view; source/configuration/transition review only","","Pending user/device/staging acceptance","Approved source, original before captures and backend contracts preserved"
"127","Date (required)","Shared surface","apps/mobile/src/components/business-workspace.tsx","Modal / distinct surface","Source presentation review complete; browser attribution and platform limits below","Parent header retained; shared Close heading for compact sheets, foreground Back for page flows","Shared action/surface/heading/modal/header geometry; existing field/state/status/icon families retained with semantic variants","Inspected final source / dependency graph","No dedicated current runtime view; source/configuration/transition review only","","Pending user/device/staging acceptance","Approved source, original before captures and backend contracts preserved"
"128","Starts (required)","Shared surface","apps/mobile/src/components/business-workspace.tsx","Modal / distinct surface","Source presentation review complete; browser attribution and platform limits below","Parent header retained; shared Close heading for compact sheets, foreground Back for page flows","Shared action/surface/heading/modal/header geometry; existing field/state/status/icon families retained with semantic variants","Inspected final source / dependency graph","No dedicated current runtime view; source/configuration/transition review only","","Pending user/device/staging acceptance","Approved source, original before captures and backend contracts preserved"
"129","Ends (required)","Shared surface","apps/mobile/src/components/business-workspace.tsx","Modal / distinct surface","Source presentation review complete; browser attribution and platform limits below","Parent header retained; shared Close heading for compact sheets, foreground Back for page flows","Shared action/surface/heading/modal/header geometry; existing field/state/status/icon families retained with semantic variants","Inspected final source / dependency graph","No dedicated current runtime view; source/configuration/transition review only","","Pending user/device/staging acceptance","Approved source, original before captures and backend contracts preserved"
"130","{
                              stopPickerTarget === 'date'
                                ? 'Choose a date'
                                : stopPickerTarget === 'start'
                                  ? 'Choose a start time'
                                  : 'Choose an end time'
                            }","Shared surface","apps/mobile/src/components/business-workspace.tsx","Modal / distinct surface","Source presentation review complete; browser attribution and platform limits below","Parent header retained; shared Close heading for compact sheets, foreground Back for page flows","Shared action/surface/heading/modal/header geometry; existing field/state/status/icon families retained with semantic variants","Inspected final source / dependency graph","No dedicated current runtime view; source/configuration/transition review only","","Pending user/device/staging acceptance","Approved source, original before captures and backend contracts preserved"
"131","Business Workspace · DateTimePicker","Shared surface","apps/mobile/src/components/business-workspace.tsx","Modal / distinct surface","Source presentation review complete; browser attribution and platform limits below","Parent header retained; shared Close heading for compact sheets, foreground Back for page flows","Shared action/surface/heading/modal/header geometry; existing field/state/status/icon families retained with semantic variants","Inspected final source / dependency graph","No dedicated current runtime view; source/configuration/transition review only","","Pending user/device/staging acceptance","Approved source, original before captures and backend contracts preserved"
"132","Inventory tools","Shared surface","apps/mobile/src/components/business-workspace.tsx","Modal / distinct surface","Source presentation review complete; browser attribution and platform limits below","Parent header retained; shared Close heading for compact sheets, foreground Back for page flows","Shared action/surface/heading/modal/header geometry; existing field/state/status/icon families retained with semantic variants","Inspected final source / dependency graph","No dedicated current runtime view; source/configuration/transition review only","","Pending user/device/staging acceptance","Approved source, original before captures and backend contracts preserved"
"133","Import menu","Shared surface","apps/mobile/src/components/business-workspace.tsx","Modal / distinct surface","Source presentation review complete; browser attribution and platform limits below","Parent header retained; shared Close heading for compact sheets, foreground Back for page flows","Shared action/surface/heading/modal/header geometry; existing field/state/status/icon families retained with semantic variants","Inspected final source / dependency graph","No dedicated current runtime view; source/configuration/transition review only","","Pending user/device/staging acceptance","Approved source, original before captures and backend contracts preserved"
"134","{isMenuBusiness ? 'Edit menu item' : 'Edit service'}","Shared surface","apps/mobile/src/components/business-workspace.tsx","Modal / distinct surface","Source presentation review complete; browser attribution and platform limits below","Parent header retained; shared Close heading for compact sheets, foreground Back for page flows","Shared action/surface/heading/modal/header geometry; existing field/state/status/icon families retained with semantic variants","Inspected final source / dependency graph","No dedicated current runtime view; source/configuration/transition review only","","Pending user/device/staging acceptance","Approved source, original before captures and backend contracts preserved"
"135","Category","Shared surface","apps/mobile/src/components/business-workspace.tsx","Modal / distinct surface","Source presentation review complete; browser attribution and platform limits below","Parent header retained; shared Close heading for compact sheets, foreground Back for page flows","Shared action/surface/heading/modal/header geometry; existing field/state/status/icon families retained with semantic variants","Inspected final source / dependency graph","No dedicated current runtime view; source/configuration/transition review only","","Pending user/device/staging acceptance","Approved source, original before captures and backend contracts preserved"
"136","{`Add ${offeringTerminology.item}`}","Shared surface","apps/mobile/src/components/business-workspace.tsx","Modal / distinct surface","Source presentation review complete; browser attribution and platform limits below","Parent header retained; shared Close heading for compact sheets, foreground Back for page flows","Shared action/surface/heading/modal/header geometry; existing field/state/status/icon families retained with semantic variants","Inspected final source / dependency graph","No dedicated current runtime view; source/configuration/transition review only","","Pending user/device/staging acceptance","Approved source, original before captures and backend contracts preserved"
"137","Add category","Shared surface","apps/mobile/src/components/business-workspace.tsx","Modal / distinct surface","Source presentation review complete; browser attribution and platform limits below","Parent header retained; shared Close heading for compact sheets, foreground Back for page flows","Shared action/surface/heading/modal/header geometry; existing field/state/status/icon families retained with semantic variants","Inspected final source / dependency graph","No dedicated current runtime view; source/configuration/transition review only","","Pending user/device/staging acceptance","Approved source, original before captures and backend contracts preserved"
"138","Date (required)","Shared surface","apps/mobile/src/components/business-workspace.tsx","Modal / distinct surface","Source presentation review complete; browser attribution and platform limits below","Parent header retained; shared Close heading for compact sheets, foreground Back for page flows","Shared action/surface/heading/modal/header geometry; existing field/state/status/icon families retained with semantic variants","Inspected final source / dependency graph","No dedicated current runtime view; source/configuration/transition review only","","Pending user/device/staging acceptance","Approved source, original before captures and backend contracts preserved"
"139","Start time (required)","Shared surface","apps/mobile/src/components/business-workspace.tsx","Modal / distinct surface","Source presentation review complete; browser attribution and platform limits below","Parent header retained; shared Close heading for compact sheets, foreground Back for page flows","Shared action/surface/heading/modal/header geometry; existing field/state/status/icon families retained with semantic variants","Inspected final source / dependency graph","No dedicated current runtime view; source/configuration/transition review only","","Pending user/device/staging acceptance","Approved source, original before captures and backend contracts preserved"
"140","Publish date (required)","Shared surface","apps/mobile/src/components/business-workspace.tsx","Modal / distinct surface","Source presentation review complete; browser attribution and platform limits below","Parent header retained; shared Close heading for compact sheets, foreground Back for page flows","Shared action/surface/heading/modal/header geometry; existing field/state/status/icon families retained with semantic variants","Inspected final source / dependency graph","No dedicated current runtime view; source/configuration/transition review only","","Pending user/device/staging acceptance","Approved source, original before captures and backend contracts preserved"
"141","Publish time (required)","Shared surface","apps/mobile/src/components/business-workspace.tsx","Modal / distinct surface","Source presentation review complete; browser attribution and platform limits below","Parent header retained; shared Close heading for compact sheets, foreground Back for page flows","Shared action/surface/heading/modal/header geometry; existing field/state/status/icon families retained with semantic variants","Inspected final source / dependency graph","No dedicated current runtime view; source/configuration/transition review only","","Pending user/device/staging acceptance","Approved source, original before captures and backend contracts preserved"
"142","Date (required)","Shared surface","apps/mobile/src/components/business-workspace.tsx","Modal / distinct surface","Source presentation review complete; browser attribution and platform limits below","Parent header retained; shared Close heading for compact sheets, foreground Back for page flows","Shared action/surface/heading/modal/header geometry; existing field/state/status/icon families retained with semantic variants","Inspected final source / dependency graph","No dedicated current runtime view; source/configuration/transition review only","","Pending user/device/staging acceptance","Approved source, original before captures and backend contracts preserved"
"143","Start time (required)","Shared surface","apps/mobile/src/components/business-workspace.tsx","Modal / distinct surface","Source presentation review complete; browser attribution and platform limits below","Parent header retained; shared Close heading for compact sheets, foreground Back for page flows","Shared action/surface/heading/modal/header geometry; existing field/state/status/icon families retained with semantic variants","Inspected final source / dependency graph","No dedicated current runtime view; source/configuration/transition review only","","Pending user/device/staging acceptance","Approved source, original before captures and backend contracts preserved"
"144","Publish date (required)","Shared surface","apps/mobile/src/components/business-workspace.tsx","Modal / distinct surface","Source presentation review complete; browser attribution and platform limits below","Parent header retained; shared Close heading for compact sheets, foreground Back for page flows","Shared action/surface/heading/modal/header geometry; existing field/state/status/icon families retained with semantic variants","Inspected final source / dependency graph","No dedicated current runtime view; source/configuration/transition review only","","Pending user/device/staging acceptance","Approved source, original before captures and backend contracts preserved"
"145","Publish time (required)","Shared surface","apps/mobile/src/components/business-workspace.tsx","Modal / distinct surface","Source presentation review complete; browser attribution and platform limits below","Parent header retained; shared Close heading for compact sheets, foreground Back for page flows","Shared action/surface/heading/modal/header geometry; existing field/state/status/icon families retained with semantic variants","Inspected final source / dependency graph","No dedicated current runtime view; source/configuration/transition review only","","Pending user/device/staging acceptance","Approved source, original before captures and backend contracts preserved"
"146","{eventPickerTarget.endsWith('date') ? 'Choose a date' : 'Choose a time'}","Shared surface","apps/mobile/src/components/business-workspace.tsx","Modal / distinct surface","Source presentation review complete; browser attribution and platform limits below","Parent header retained; shared Close heading for compact sheets, foreground Back for page flows","Shared action/surface/heading/modal/header geometry; existing field/state/status/icon families retained with semantic variants","Inspected final source / dependency graph","No dedicated current runtime view; source/configuration/transition review only","","Pending user/device/staging acceptance","Approved source, original before captures and backend contracts preserved"
"147","Business Workspace · DateTimePicker","Shared surface","apps/mobile/src/components/business-workspace.tsx","Modal / distinct surface","Source presentation review complete; browser attribution and platform limits below","Parent header retained; shared Close heading for compact sheets, foreground Back for page flows","Shared action/surface/heading/modal/header geometry; existing field/state/status/icon families retained with semantic variants","Inspected final source / dependency graph","No dedicated current runtime view; source/configuration/transition review only","","Pending user/device/staging acceptance","Approved source, original before captures and backend contracts preserved"
"148","New follower update","Shared surface","apps/mobile/src/components/business-workspace.tsx","Modal / distinct surface","Source presentation review complete; browser attribution and platform limits below","Parent header retained; shared Close heading for compact sheets, foreground Back for page flows","Shared action/surface/heading/modal/header geometry; existing field/state/status/icon families retained with semantic variants","Inspected final source / dependency graph","No dedicated current runtime view; source/configuration/transition review only","","Pending user/device/staging acceptance","Approved source, original before captures and backend contracts preserved"
"149","{selectedUpdate?.title ?? 'Update'}","Shared surface","apps/mobile/src/components/business-workspace.tsx","Modal / distinct surface","Source presentation review complete; browser attribution and platform limits below","Parent header retained; shared Close heading for compact sheets, foreground Back for page flows","Shared action/surface/heading/modal/header geometry; existing field/state/status/icon families retained with semantic variants","Inspected final source / dependency graph","No dedicated current runtime view; source/configuration/transition review only","","Pending user/device/staging acceptance","Approved source, original before captures and backend contracts preserved"
"150","Reward rules","Shared surface","apps/mobile/src/components/business-workspace.tsx","Modal / distinct surface","Source presentation review complete; browser attribution and platform limits below","Parent header retained; shared Close heading for compact sheets, foreground Back for page flows","Shared action/surface/heading/modal/header geometry; existing field/state/status/icon families retained with semantic variants","Inspected final source / dependency graph","No dedicated current runtime view; source/configuration/transition review only","","Pending user/device/staging acceptance","Approved source, original before captures and backend contracts preserved"
"151","Add business photo","Shared surface","apps/mobile/src/components/business-workspace.tsx","Modal / distinct surface","Source presentation review complete; browser attribution and platform limits below","Parent header retained; shared Close heading for compact sheets, foreground Back for page flows","Shared action/surface/heading/modal/header geometry; existing field/state/status/icon families retained with semantic variants","Inspected final source / dependency graph","No dedicated current runtime view; source/configuration/transition review only","","Pending user/device/staging acceptance","Approved source, original before captures and backend contracts preserved"
"152","Invite staff","Shared surface","apps/mobile/src/components/business-workspace.tsx","Modal / distinct surface","Source presentation review complete; browser attribution and platform limits below","Parent header retained; shared Close heading for compact sheets, foreground Back for page flows","Shared action/surface/heading/modal/header geometry; existing field/state/status/icon families retained with semantic variants","Inspected final source / dependency graph","No dedicated current runtime view; source/configuration/transition review only","","Pending user/device/staging acceptance","Approved source, original before captures and backend contracts preserved"
"153","{selectedStaff?.display_name ?? 'Staff member'}","Shared surface","apps/mobile/src/components/business-workspace.tsx","Modal / distinct surface","Source presentation review complete; browser attribution and platform limits below","Parent header retained; shared Close heading for compact sheets, foreground Back for page flows","Shared action/surface/heading/modal/header geometry; existing field/state/status/icon families retained with semantic variants","Inspected final source / dependency graph","No dedicated current runtime view; source/configuration/transition review only","","Pending user/device/staging acceptance","Approved source, original before captures and backend contracts preserved"
"154","Pending invitation","Shared surface","apps/mobile/src/components/business-workspace.tsx","Modal / distinct surface","Source presentation review complete; browser attribution and platform limits below","Parent header retained; shared Close heading for compact sheets, foreground Back for page flows","Shared action/surface/heading/modal/header geometry; existing field/state/status/icon families retained with semantic variants","Inspected final source / dependency graph","No dedicated current runtime view; source/configuration/transition review only","","Pending user/device/staging acceptance","Approved source, original before captures and backend contracts preserved"
"155","Choice Picker · Modal","Shared surface","apps/mobile/src/components/choice-picker.tsx","Modal / distinct surface","Source presentation review complete; browser attribution and platform limits below","Parent header retained; shared Close heading for compact sheets, foreground Back for page flows","Shared action/surface/heading/modal/header geometry; existing field/state/status/icon families retained with semantic variants","Inspected final source / dependency graph","No dedicated current runtime view; source/configuration/transition review only","","Pending user/device/staging acceptance","Approved source, original before captures and backend contracts preserved"
"156","{label}","Shared surface","apps/mobile/src/components/date-field.tsx","Modal / distinct surface","Source presentation review complete; browser attribution and platform limits below","Parent header retained; shared Close heading for compact sheets, foreground Back for page flows","Shared action/surface/heading/modal/header geometry; existing field/state/status/icon families retained with semantic variants","Inspected final source / dependency graph","No dedicated current runtime view; source/configuration/transition review only","","Pending user/device/staging acceptance","Approved source, original before captures and backend contracts preserved"
"157","Date Field · DatePickerControl","Shared surface","apps/mobile/src/components/date-field.tsx","Modal / distinct surface","Source presentation review complete; browser attribution and platform limits below","Parent header retained; shared Close heading for compact sheets, foreground Back for page flows","Shared action/surface/heading/modal/header geometry; existing field/state/status/icon families retained with semantic variants","Inspected final source / dependency graph","No dedicated current runtime view; source/configuration/transition review only","","Pending user/device/staging acceptance","Approved source, original before captures and backend contracts preserved"
"158","Date Picker Control · DateTimePicker","Shared surface","apps/mobile/src/components/date-picker-control.tsx","Modal / distinct surface","Source presentation review complete; browser attribution and platform limits below","Parent header retained; shared Close heading for compact sheets, foreground Back for page flows","Shared action/surface/heading/modal/header geometry; existing field/state/status/icon families retained with semantic variants","Inspected final source / dependency graph","No dedicated current runtime view; source/configuration/transition review only","","Pending user/device/staging acceptance","Approved source, original before captures and backend contracts preserved"
"159","Discovery Filters Sheet · Modal","Shared surface","apps/mobile/src/components/discovery-filters-sheet.tsx","Modal / distinct surface","Source presentation review complete; browser attribution and platform limits below","Parent header retained; shared Close heading for compact sheets, foreground Back for page flows","Shared action/surface/heading/modal/header geometry; existing field/state/status/icon families retained with semantic variants","Inspected final source / dependency graph","No dedicated current runtime view; source/configuration/transition review only","","Pending user/device/staging acceptance","Approved source, original before captures and backend contracts preserved"
"160","Event Directory · EventFilterSheet","Shared surface","apps/mobile/src/components/event-directory.tsx","Modal / distinct surface","Source presentation review complete; browser attribution and platform limits below","Parent header retained; shared Close heading for compact sheets, foreground Back for page flows","Shared action/surface/heading/modal/header geometry; existing field/state/status/icon families retained with semantic variants","Inspected final source / dependency graph","No dedicated current runtime view; source/configuration/transition review only","","Pending user/device/staging acceptance","Approved source, original before captures and backend contracts preserved"
"161","{area ? 'Event area' : 'Event category'}","Shared surface","apps/mobile/src/components/event-filter-sheet.tsx","Modal / distinct surface","Source presentation review complete; browser attribution and platform limits below","Parent header retained; shared Close heading for compact sheets, foreground Back for page flows","Shared action/surface/heading/modal/header geometry; existing field/state/status/icon families retained with semantic variants","Inspected final source / dependency graph","No dedicated current runtime view; source/configuration/transition review only","","Pending user/device/staging acceptance","Approved source, original before captures and backend contracts preserved"
"162","Filter following","Shared surface","apps/mobile/src/components/following-filters-sheet.tsx","Modal / distinct surface","Source presentation review complete; browser attribution and platform limits below","Parent header retained; shared Close heading for compact sheets, foreground Back for page flows","Shared action/surface/heading/modal/header geometry; existing field/state/status/icon families retained with semantic variants","Inspected final source / dependency graph","No dedicated current runtime view; source/configuration/transition review only","","Pending user/device/staging acceptance","Approved source, original before captures and backend contracts preserved"
"163","Category","Shared surface","apps/mobile/src/components/following-filters-sheet.tsx","Modal / distinct surface","Source presentation review complete; browser attribution and platform limits below","Parent header retained; shared Close heading for compact sheets, foreground Back for page flows","Shared action/surface/heading/modal/header geometry; existing field/state/status/icon families retained with semantic variants","Inspected final source / dependency graph","No dedicated current runtime view; source/configuration/transition review only","","Pending user/device/staging acceptance","Approved source, original before captures and backend contracts preserved"
"164","Location","Shared surface","apps/mobile/src/components/following-filters-sheet.tsx","Modal / distinct surface","Source presentation review complete; browser attribution and platform limits below","Parent header retained; shared Close heading for compact sheets, foreground Back for page flows","Shared action/surface/heading/modal/header geometry; existing field/state/status/icon families retained with semantic variants","Inspected final source / dependency graph","No dedicated current runtime view; source/configuration/transition review only","","Pending user/device/staging acceptance","Approved source, original before captures and backend contracts preserved"
"165","Merchant Business List · Modal","Shared surface","apps/mobile/src/components/merchant-business-list.tsx","Modal / distinct surface","Source presentation review complete; browser attribution and platform limits below","Parent header retained; shared Close heading for compact sheets, foreground Back for page flows","Shared action/surface/heading/modal/header geometry; existing field/state/status/icon families retained with semantic variants","Inspected final source / dependency graph","No dedicated current runtime view; source/configuration/transition review only","","Pending user/device/staging acceptance","Approved source, original before captures and backend contracts preserved"
"166","Merchant Ui · Modal","Shared surface","apps/mobile/src/components/merchant-ui.tsx","Modal / distinct surface","Source presentation review complete; browser attribution and platform limits below","Parent header retained; shared Close heading for compact sheets, foreground Back for page flows","Shared action/surface/heading/modal/header geometry; existing field/state/status/icon families retained with semantic variants","Inspected final source / dependency graph","No dedicated current runtime view; source/configuration/transition review only","","Pending user/device/staging acceptance","Approved source, original before captures and backend contracts preserved"
"167","{panel === 'order' ? 'Order alerts' : 'Nearby business alerts'}","Shared surface","apps/mobile/src/components/notification-settings.tsx","Modal / distinct surface","Source presentation review complete; browser attribution and platform limits below","Parent header retained; shared Close heading for compact sheets, foreground Back for page flows","Shared action/surface/heading/modal/header geometry; existing field/state/status/icon families retained with semantic variants","Inspected final source / dependency graph","No dedicated current runtime view; source/configuration/transition review only","","Pending user/device/staging acceptance","Approved source, original before captures and backend contracts preserved"
"168","{selectedBusiness?.business_name ?? 'Business updates'}","Shared surface","apps/mobile/src/components/notification-settings.tsx","Modal / distinct surface","Source presentation review complete; browser attribution and platform limits below","Parent header retained; shared Close heading for compact sheets, foreground Back for page flows","Shared action/surface/heading/modal/header geometry; existing field/state/status/icon families retained with semantic variants","Inspected final source / dependency graph","No dedicated current runtime view; source/configuration/transition review only","","Pending user/device/staging acceptance","Approved source, original before captures and backend contracts preserved"
"169","Choose business","Shared surface","apps/mobile/src/components/operations-screen-header.tsx","Modal / distinct surface","Source presentation review complete; browser attribution and platform limits below","Parent header retained; shared Close heading for compact sheets, foreground Back for page flows","Shared action/surface/heading/modal/header geometry; existing field/state/status/icon families retained with semantic variants","Inspected final source / dependency graph","No dedicated current runtime view; source/configuration/transition review only","","Pending user/device/staging acceptance","Approved source, original before captures and backend contracts preserved"
"170","Business Review Section · Modal","Shared surface","apps/mobile/src/components/pickup/business-review-section.tsx","Modal / distinct surface","Source presentation review complete; browser attribution and platform limits below","Parent header retained; shared Close heading for compact sheets, foreground Back for page flows","Shared action/surface/heading/modal/header geometry; existing field/state/status/icon families retained with semantic variants","Inspected final source / dependency graph","No dedicated current runtime view; source/configuration/transition review only","","Pending user/device/staging acceptance","Approved source, original before captures and backend contracts preserved"
"171","Item Refund Picker · Modal","Shared surface","apps/mobile/src/components/pickup/item-refund-picker.tsx","Modal / distinct surface","Source presentation review complete; browser attribution and platform limits below","Parent header retained; shared Close heading for compact sheets, foreground Back for page flows","Shared action/surface/heading/modal/header geometry; existing field/state/status/icon families retained with semantic variants","Inspected final source / dependency graph","No dedicated current runtime view; source/configuration/transition review only","","Pending user/device/staging acceptance","Approved source, original before captures and backend contracts preserved"
"172","Order Actions Sheet · Modal","Shared surface","apps/mobile/src/components/pickup/order-actions-sheet.tsx","Modal / distinct surface","Source presentation review complete; browser attribution and platform limits below","Parent header retained; shared Close heading for compact sheets, foreground Back for page flows","Shared action/surface/heading/modal/header geometry; existing field/state/status/icon families retained with semantic variants","Inspected final source / dependency graph","No dedicated current runtime view; source/configuration/transition review only","","Pending user/device/staging acceptance","Approved source, original before captures and backend contracts preserved"
"173","Order Actions Sheet · ItemRefundPicker","Shared surface","apps/mobile/src/components/pickup/order-actions-sheet.tsx","Modal / distinct surface","Source presentation review complete; browser attribution and platform limits below","Parent header retained; shared Close heading for compact sheets, foreground Back for page flows","Shared action/surface/heading/modal/header geometry; existing field/state/status/icon families retained with semantic variants","Inspected final source / dependency graph","No dedicated current runtime view; source/configuration/transition review only","","Pending user/device/staging acceptance","Approved source, original before captures and backend contracts preserved"
"174","Pickup Item · Modal","Shared surface","apps/mobile/src/components/pickup/pickup-item.tsx","Modal / distinct surface","Source presentation review complete; browser attribution and platform limits below","Parent header retained; shared Close heading for compact sheets, foreground Back for page flows","Shared action/surface/heading/modal/header geometry; existing field/state/status/icon families retained with semantic variants","Inspected final source / dependency graph","No dedicated current runtime view; source/configuration/transition review only","","Pending user/device/staging acceptance","Approved source, original before captures and backend contracts preserved"
"175","Pickup Menu · PickupMenuRow","Shared surface","apps/mobile/src/components/pickup/pickup-menu.tsx","Modal / distinct surface","Source presentation review complete; browser attribution and platform limits below","Parent header retained; shared Close heading for compact sheets, foreground Back for page flows","Shared action/surface/heading/modal/header geometry; existing field/state/status/icon families retained with semantic variants","Inspected final source / dependency graph","No dedicated current runtime view; source/configuration/transition review only","","Pending user/device/staging acceptance","Approved source, original before captures and backend contracts preserved"
"176","Pickup Scan Panel · Modal","Shared surface","apps/mobile/src/components/pickup/pickup-scan-panel.tsx","Modal / distinct surface","Source presentation review complete; browser attribution and platform limits below","Parent header retained; shared Close heading for compact sheets, foreground Back for page flows","Shared action/surface/heading/modal/header geometry; existing field/state/status/icon families retained with semantic variants","Inspected final source / dependency graph","No dedicated current runtime view; source/configuration/transition review only","","Pending user/device/staging acceptance","Approved source, original before captures and backend contracts preserved"
"177","Pickup Scan Panel · OrderReceipt","Shared surface","apps/mobile/src/components/pickup/pickup-scan-panel.tsx","Modal / distinct surface","Source presentation review complete; browser attribution and platform limits below","Parent header retained; shared Close heading for compact sheets, foreground Back for page flows","Shared action/surface/heading/modal/header geometry; existing field/state/status/icon families retained with semantic variants","Inspected final source / dependency graph","No dedicated current runtime view; source/configuration/transition review only","","Pending user/device/staging acceptance","Approved source, original before captures and backend contracts preserved"
"178","Pickup Scheduler · Modal","Shared surface","apps/mobile/src/components/pickup/pickup-scheduler.tsx","Modal / distinct surface","Source presentation review complete; browser attribution and platform limits below","Parent header retained; shared Close heading for compact sheets, foreground Back for page flows","Shared action/surface/heading/modal/header geometry; existing field/state/status/icon families retained with semantic variants","Inspected final source / dependency graph","No dedicated current runtime view; source/configuration/transition review only","","Pending user/device/staging acceptance","Approved source, original before captures and backend contracts preserved"
"179","Pickup Scheduler · PickupTimePicker","Shared surface","apps/mobile/src/components/pickup/pickup-scheduler.tsx","Modal / distinct surface","Source presentation review complete; browser attribution and platform limits below","Parent header retained; shared Close heading for compact sheets, foreground Back for page flows","Shared action/surface/heading/modal/header geometry; existing field/state/status/icon families retained with semantic variants","Inspected final source / dependency graph","No dedicated current runtime view; source/configuration/transition review only","","Pending user/device/staging acceptance","Approved source, original before captures and backend contracts preserved"
"180","{`${day} opens`}","Shared surface","apps/mobile/src/components/pickup/pickup-settings-editor.tsx","Modal / distinct surface","Source presentation review complete; browser attribution and platform limits below","Parent header retained; shared Close heading for compact sheets, foreground Back for page flows","Shared action/surface/heading/modal/header geometry; existing field/state/status/icon families retained with semantic variants","Inspected final source / dependency graph","No dedicated current runtime view; source/configuration/transition review only","","Pending user/device/staging acceptance","Approved source, original before captures and backend contracts preserved"
"181","{`${day} closes`}","Shared surface","apps/mobile/src/components/pickup/pickup-settings-editor.tsx","Modal / distinct surface","Source presentation review complete; browser attribution and platform limits below","Parent header retained; shared Close heading for compact sheets, foreground Back for page flows","Shared action/surface/heading/modal/header geometry; existing field/state/status/icon families retained with semantic variants","Inspected final source / dependency graph","No dedicated current runtime view; source/configuration/transition review only","","Pending user/device/staging acceptance","Approved source, original before captures and backend contracts preserved"
"182","Offer a pickup time every","Shared surface","apps/mobile/src/components/pickup/pickup-settings-editor.tsx","Modal / distinct surface","Source presentation review complete; browser attribution and platform limits below","Parent header retained; shared Close heading for compact sheets, foreground Back for page flows","Shared action/surface/heading/modal/header geometry; existing field/state/status/icon families retained with semantic variants","Inspected final source / dependency graph","No dedicated current runtime view; source/configuration/transition review only","","Pending user/device/staging acceptance","Approved source, original before captures and backend contracts preserved"
"183","Pickup Status · OrderReceipt","Shared surface","apps/mobile/src/components/pickup/pickup-status.tsx","Modal / distinct surface","Source presentation review complete; browser attribution and platform limits below","Parent header retained; shared Close heading for compact sheets, foreground Back for page flows","Shared action/surface/heading/modal/header geometry; existing field/state/status/icon families retained with semantic variants","Inspected final source / dependency graph","No dedicated current runtime view; source/configuration/transition review only","","Pending user/device/staging acceptance","Approved source, original before captures and backend contracts preserved"
"184","Contact & share","Shared surface","apps/mobile/src/components/public-business-page.tsx","Modal / distinct surface","Source presentation review complete; browser attribution and platform limits below","Parent header retained; shared Close heading for compact sheets, foreground Back for page flows","Shared action/surface/heading/modal/header geometry; existing field/state/status/icon families retained with semantic variants","Inspected final source / dependency graph","No dedicated current runtime view; source/configuration/transition review only","","Pending user/device/staging acceptance","Approved source, original before captures and backend contracts preserved"
"185","{
          menuOptionsItem ? 'Item details' : isMenuBusiness ? 'Full menu' : 'Services & offerings'
        }","Shared surface","apps/mobile/src/components/public-business-page.tsx","Modal / distinct surface","Source presentation review complete; browser attribution and platform limits below","Parent header retained; shared Close heading for compact sheets, foreground Back for page flows","Shared action/surface/heading/modal/header geometry; existing field/state/status/icon families retained with semantic variants","Inspected final source / dependency graph","No dedicated current runtime view; source/configuration/transition review only","","Pending user/device/staging acceptance","Approved source, original before captures and backend contracts preserved"
"186","Public Business Page · ReportDialog","Shared surface","apps/mobile/src/components/public-business-page.tsx","Modal / distinct surface","Source presentation review complete; browser attribution and platform limits below","Parent header retained; shared Close heading for compact sheets, foreground Back for page flows","Shared action/surface/heading/modal/header geometry; existing field/state/status/icon families retained with semantic variants","Inspected final source / dependency graph","No dedicated current runtime view; source/configuration/transition review only","","Pending user/device/staging acceptance","Approved source, original before captures and backend contracts preserved"
"187","Event details","Shared surface","apps/mobile/src/components/public-business-page.tsx","Modal / distinct surface","Source presentation review complete; browser attribution and platform limits below","Parent header retained; shared Close heading for compact sheets, foreground Back for page flows","Shared action/surface/heading/modal/header geometry; existing field/state/status/icon families retained with semantic variants","Inspected final source / dependency graph","No dedicated current runtime view; source/configuration/transition review only","","Pending user/device/staging acceptance","Approved source, original before captures and backend contracts preserved"
"188","Rewards program","Shared surface","apps/mobile/src/components/public-business-page.tsx","Modal / distinct surface","Source presentation review complete; browser attribution and platform limits below","Parent header retained; shared Close heading for compact sheets, foreground Back for page flows","Shared action/surface/heading/modal/header geometry; existing field/state/status/icon families retained with semantic variants","Inspected final source / dependency graph","No dedicated current runtime view; source/configuration/transition review only","","Pending user/device/staging acceptance","Approved source, original before captures and backend contracts preserved"
"189","Customer reviews","Shared surface","apps/mobile/src/components/public-business-page.tsx","Modal / distinct surface","Source presentation review complete; browser attribution and platform limits below","Parent header retained; shared Close heading for compact sheets, foreground Back for page flows","Shared action/surface/heading/modal/header geometry; existing field/state/status/icon families retained with semantic variants","Inspected final source / dependency graph","No dedicated current runtime view; source/configuration/transition review only","","Pending user/device/staging acceptance","Approved source, original before captures and backend contracts preserved"
"190","Public Business Page · ReportDialog","Shared surface","apps/mobile/src/components/public-business-page.tsx","Modal / distinct surface","Source presentation review complete; browser attribution and platform limits below","Parent header retained; shared Close heading for compact sheets, foreground Back for page flows","Shared action/surface/heading/modal/header geometry; existing field/state/status/icon families retained with semantic variants","Inspected final source / dependency graph","No dedicated current runtime view; source/configuration/transition review only","","Pending user/device/staging acceptance","Approved source, original before captures and backend contracts preserved"
"191","Public Business Page · Modal","Shared surface","apps/mobile/src/components/public-business-page.tsx","Modal / distinct surface","Source presentation review complete; browser attribution and platform limits below","Parent header retained; shared Close heading for compact sheets, foreground Back for page flows","Shared action/surface/heading/modal/header geometry; existing field/state/status/icon families retained with semantic variants","Inspected final source / dependency graph","No dedicated current runtime view; source/configuration/transition review only","","Pending user/device/staging acceptance","Approved source, original before captures and backend contracts preserved"
"192","Public Business Page · Modal","Shared surface","apps/mobile/src/components/public-business-page.tsx","Modal / distinct surface","Source presentation review complete; browser attribution and platform limits below","Parent header retained; shared Close heading for compact sheets, foreground Back for page flows","Shared action/surface/heading/modal/header geometry; existing field/state/status/icon families retained with semantic variants","Inspected final source / dependency graph","No dedicated current runtime view; source/configuration/transition review only","","Pending user/device/staging acceptance","Approved source, original before captures and backend contracts preserved"
"193","Report Dialog · Modal","Shared surface","apps/mobile/src/components/report-dialog.tsx","Modal / distinct surface","Source presentation review complete; browser attribution and platform limits below","Parent header retained; shared Close heading for compact sheets, foreground Back for page flows","Shared action/surface/heading/modal/header geometry; existing field/state/status/icon families retained with semantic variants","Inspected final source / dependency graph","No dedicated current runtime view; source/configuration/transition review only","","Pending user/device/staging acceptance","Approved source, original before captures and backend contracts preserved"
"194","Edit question","Shared surface","apps/mobile/src/components/request-form-builder.tsx","Modal / distinct surface","Source presentation review complete; browser attribution and platform limits below","Parent header retained; shared Close heading for compact sheets, foreground Back for page flows","Shared action/surface/heading/modal/header geometry; existing field/state/status/icon families retained with semantic variants","Inspected final source / dependency graph","No dedicated current runtime view; source/configuration/transition review only","","Pending user/device/staging acceptance","Approved source, original before captures and backend contracts preserved"
"195","Answer type","Shared surface","apps/mobile/src/components/request-form-builder.tsx","Modal / distinct surface","Source presentation review complete; browser attribution and platform limits below","Parent header retained; shared Close heading for compact sheets, foreground Back for page flows","Shared action/surface/heading/modal/header geometry; existing field/state/status/icon families retained with semantic variants","Inspected final source / dependency graph","No dedicated current runtime view; source/configuration/transition review only","","Pending user/device/staging acceptance","Approved source, original before captures and backend contracts preserved"
"196","Customer form preview","Shared surface","apps/mobile/src/components/request-form-builder.tsx","Modal / distinct surface","Source presentation review complete; browser attribution and platform limits below","Parent header retained; shared Close heading for compact sheets, foreground Back for page flows","Shared action/surface/heading/modal/header geometry; existing field/state/status/icon families retained with semantic variants","Inspected final source / dependency graph","No dedicated current runtime view; source/configuration/transition review only","","Pending user/device/staging acceptance","Approved source, original before captures and backend contracts preserved"
"197","{f.label + (f.required ? ' · Required' : ' · Optional')}","Shared surface","apps/mobile/src/components/request-question-fields.tsx","Modal / distinct surface","Source presentation review complete; browser attribution and platform limits below","Parent header retained; shared Close heading for compact sheets, foreground Back for page flows","Shared action/surface/heading/modal/header geometry; existing field/state/status/icon families retained with semantic variants","Inspected final source / dependency graph","No dedicated current runtime view; source/configuration/transition review only","","Pending user/device/staging acceptance","Approved source, original before captures and backend contracts preserved"
"198","Rewards code","Shared surface","apps/mobile/src/components/rewards-code-sheet.tsx","Modal / distinct surface","Source presentation review complete; browser attribution and platform limits below","Parent header retained; shared Close heading for compact sheets, foreground Back for page flows","Shared action/surface/heading/modal/header geometry; existing field/state/status/icon families retained with semantic variants","Inspected final source / dependency graph","No dedicated current runtime view; source/configuration/transition review only","","Pending user/device/staging acceptance","Approved source, original before captures and backend contracts preserved"
"199","Service · Optional","Shared surface","apps/mobile/src/components/service-request-form.tsx","Modal / distinct surface","Source presentation review complete; browser attribution and platform limits below","Parent header retained; shared Close heading for compact sheets, foreground Back for page flows","Shared action/surface/heading/modal/header geometry; existing field/state/status/icon families retained with semantic variants","Inspected final source / dependency graph","No dedicated current runtime view; source/configuration/transition review only","","Pending user/device/staging acceptance","Approved source, original before captures and backend contracts preserved"
"200","Sign In Gate · Modal","Shared surface","apps/mobile/src/components/sign-in-gate.tsx","Modal / distinct surface","Source presentation review complete; browser attribution and platform limits below","Parent header retained; shared Close heading for compact sheets, foreground Back for page flows","Shared action/surface/heading/modal/header geometry; existing field/state/status/icon families retained with semantic variants","Inspected final source / dependency graph","No dedicated current runtime view; source/configuration/transition review only","","Pending user/device/staging acceptance","Approved source, original before captures and backend contracts preserved"
"201","Square account","Shared surface","apps/mobile/src/components/square-ordering-panel.tsx","Modal / distinct surface","Source presentation review complete; browser attribution and platform limits below","Parent header retained; shared Close heading for compact sheets, foreground Back for page flows","Shared action/surface/heading/modal/header geometry; existing field/state/status/icon families retained with semantic variants","Inspected final source / dependency graph","No dedicated current runtime view; source/configuration/transition review only","","Pending user/device/staging acceptance","Approved source, original before captures and backend contracts preserved"
"202","Pickup hours & rules","Shared surface","apps/mobile/src/components/square-ordering-panel.tsx","Modal / distinct surface","Source presentation review complete; browser attribution and platform limits below","Parent header retained; shared Close heading for compact sheets, foreground Back for page flows","Shared action/surface/heading/modal/header geometry; existing field/state/status/icon families retained with semantic variants","Inspected final source / dependency graph","No dedicated current runtime view; source/configuration/transition review only","","Pending user/device/staging acceptance","Approved source, original before captures and backend contracts preserved"
"203","Pickup hours & rules","Shared surface","apps/mobile/src/components/stripe-ordering-panel.tsx","Modal / distinct surface","Source presentation review complete; browser attribution and platform limits below","Parent header retained; shared Close heading for compact sheets, foreground Back for page flows","Shared action/surface/heading/modal/header geometry; existing field/state/status/icon families retained with semantic variants","Inspected final source / dependency graph","No dedicated current runtime view; source/configuration/transition review only","","Pending user/device/staging acceptance","Approved source, original before captures and backend contracts preserved"
"204","Account Businesses New","/account/businesses/new","apps/web/src/app/account/businesses/new/page.tsx","Page","Source presentation review complete; browser attribution and platform limits below","Shared header through route/component dependency; existing Back callback/destination retained","Shared action/surface/heading/modal/header geometry; existing field/state/status/icon families retained with semantic variants","Inspected final source / dependency graph","Related page route captured; conditional branches are not all verified","remaining-web:business-new:1280; remaining-web:business-new:390","Pending user/device/staging acceptance","Approved source, original before captures and backend contracts preserved"
"205","Account Businesses [Id] Events","/account/businesses/[id]/events","apps/web/src/app/account/businesses/[id]/events/page.tsx","Page","Source presentation review complete; browser attribution and platform limits below","Shared header through route/component dependency; existing Back callback/destination retained","Shared action/surface/heading/modal/header geometry; existing field/state/status/icon families retained with semantic variants","Inspected final source / dependency graph","Related page route captured; conditional branches are not all verified","web-workspaces:events:1280; web-workspaces:events:390","Pending user/device/staging acceptance","Approved source, original before captures and backend contracts preserved"
"206","Account Businesses [Id] Loyalty","/account/businesses/[id]/loyalty","apps/web/src/app/account/businesses/[id]/loyalty/page.tsx","Page","Source presentation review complete; browser attribution and platform limits below","Shared header through route/component dependency; existing Back callback/destination retained","Shared action/surface/heading/modal/header geometry; existing field/state/status/icon families retained with semantic variants","Inspected final source / dependency graph","Related page route captured; conditional branches are not all verified","web-workspaces:loyalty:1280; web-workspaces:loyalty:390","Pending user/device/staging acceptance","Approved source, original before captures and backend contracts preserved"
"207","Account Businesses [Id] Media","/account/businesses/[id]/media","apps/web/src/app/account/businesses/[id]/media/page.tsx","Page","Source presentation review complete; browser attribution and platform limits below","Shared header through route/component dependency; existing Back callback/destination retained","Shared action/surface/heading/modal/header geometry; existing field/state/status/icon families retained with semantic variants","Inspected final source / dependency graph","Related page route captured; conditional branches are not all verified","web-workspaces:media:1280; web-workspaces:media:390","Pending user/device/staging acceptance","Approved source, original before captures and backend contracts preserved"
"208","Account Businesses [Id] Offerings","/account/businesses/[id]/offerings","apps/web/src/app/account/businesses/[id]/offerings/page.tsx","Page","Source presentation review complete; browser attribution and platform limits below","Shared header through route/component dependency; existing Back callback/destination retained","Shared action/surface/heading/modal/header geometry; existing field/state/status/icon families retained with semantic variants","Inspected final source / dependency graph","Related page route captured; conditional branches are not all verified","web-workspaces:offerings:1280; web-workspaces:offerings:390","Pending user/device/staging acceptance","Approved source, original before captures and backend contracts preserved"
"209","Account Businesses [Id] Settings","/account/businesses/[id]/settings","apps/web/src/app/account/businesses/[id]/settings/page.tsx","Page","Source presentation review complete; browser attribution and platform limits below","Shared header through route/component dependency; existing Back callback/destination retained","Shared action/surface/heading/modal/header geometry; existing field/state/status/icon families retained with semantic variants","Inspected final source / dependency graph","Related page route captured; conditional branches are not all verified","web-workspaces:settings:1280; web-workspaces:settings:390","Pending user/device/staging acceptance","Approved source, original before captures and backend contracts preserved"
"210","Account Businesses [Id] Updates","/account/businesses/[id]/updates","apps/web/src/app/account/businesses/[id]/updates/page.tsx","Page","Source presentation review complete; browser attribution and platform limits below","Shared header through route/component dependency; existing Back callback/destination retained","Shared action/surface/heading/modal/header geometry; existing field/state/status/icon families retained with semantic variants","Inspected final source / dependency graph","Related page route captured; conditional branches are not all verified","web-workspaces:updates:1280; web-workspaces:updates:390","Pending user/device/staging acceptance","Approved source, original before captures and backend contracts preserved"
"211","Account Notifications","/account/notifications","apps/web/src/app/account/notifications/page.tsx","Page","Source presentation review complete; browser attribution and platform limits below","Shared header through route/component dependency; existing Back callback/destination retained","Shared action/surface/heading/modal/header geometry; existing field/state/status/icon families retained with semantic variants","Inspected final source / dependency graph","Related page route captured; conditional branches are not all verified","remaining-web:notifications:1280; remaining-web:notifications:390","Pending user/device/staging acceptance","Approved source, original before captures and backend contracts preserved"
"212","Account","/account","apps/web/src/app/account/page.tsx","Page","Source presentation review complete; browser attribution and platform limits below","Shared root header; Back omitted","Shared action/surface/heading/modal/header geometry; existing field/state/status/icon families retained with semantic variants","Inspected final source / dependency graph","Related page route captured; conditional branches are not all verified","pass-2:web:account:1280; pass-2:web:account:390","Pending user/device/staging acceptance","Approved source, original before captures and backend contracts preserved"
"213","Admin Customer Reviews","/admin/customer-reviews","apps/web/src/app/admin/customer-reviews/page.tsx","Page","Source presentation review complete; browser attribution and platform limits below","Shared header through route/component dependency; existing Back callback/destination retained","Shared action/surface/heading/modal/header geometry; existing field/state/status/icon families retained with semantic variants","Inspected final source / dependency graph","No dedicated current runtime view; source/configuration/transition review only","","Pending user/device/staging acceptance","Approved source, original before captures and backend contracts preserved"
"214","Admin","/admin","apps/web/src/app/admin/page.tsx","Page","Source presentation review complete; browser attribution and platform limits below","Shared root header; Back omitted","Shared action/surface/heading/modal/header geometry; existing field/state/status/icon families retained with semantic variants","Inspected final source / dependency graph","Related page route captured; conditional branches are not all verified","admin-current:rules:zoom; admin-current:decision:zoom; admin-current:queue:zoom; admin-current:rules:narrow; admin-current:decision:narrow; admin-current:queue:narrow; admin-current:rules:phone; admin-current:decision:phone; admin-current:queue:phone; admin-current:rules:desktop; admin-current:decision:desktop; admin-current:queue:desktop","Pending user/device/staging acceptance","Approved source, original before captures and backend contracts preserved"
"215","Admin Reports","/admin/reports","apps/web/src/app/admin/reports/page.tsx","Page","Source presentation review complete; browser attribution and platform limits below","Shared header through route/component dependency; existing Back callback/destination retained","Shared action/surface/heading/modal/header geometry; existing field/state/status/icon families retained with semantic variants","Inspected final source / dependency graph","No dedicated current runtime view; source/configuration/transition review only","","Pending user/device/staging acceptance","Approved source, original before captures and backend contracts preserved"
"216","Admin Reviews","/admin/reviews","apps/web/src/app/admin/reviews/page.tsx","Page","Source presentation review complete; browser attribution and platform limits below","Shared header through route/component dependency; existing Back callback/destination retained","Shared action/surface/heading/modal/header geometry; existing field/state/status/icon families retained with semantic variants","Inspected final source / dependency graph","No dedicated current runtime view; source/configuration/transition review only","","Pending user/device/staging acceptance","Approved source, original before captures and backend contracts preserved"
"217","Auth","/auth","apps/web/src/app/auth/page.tsx","Page","Source presentation review complete; browser attribution and platform limits below","Shared header through route/component dependency; existing Back callback/destination retained","Shared action/surface/heading/modal/header geometry; existing field/state/status/icon families retained with semantic variants","Inspected final source / dependency graph","Related page route captured; conditional branches are not all verified","remaining-web:auth:1280; remaining-web:auth:390","Pending user/device/staging acceptance","Approved source, original before captures and backend contracts preserved"
"218","B [Slug]","/b/[slug]","apps/web/src/app/b/[slug]/page.tsx","Page","Source presentation review complete; browser attribution and platform limits below","Shared header through route/component dependency; existing Back callback/destination retained","Shared action/surface/heading/modal/header geometry; existing field/state/status/icon families retained with semantic variants","Inspected final source / dependency graph","No dedicated current runtime view; source/configuration/transition review only","","Pending user/device/staging acceptance","Approved source, original before captures and backend contracts preserved"
"219","Events","/events","apps/web/src/app/events/page.tsx","Page","Source presentation review complete; browser attribution and platform limits below","Shared root header; Back omitted","Shared action/surface/heading/modal/header geometry; existing field/state/status/icon families retained with semantic variants","Inspected final source / dependency graph","Related page route captured; conditional branches are not all verified","web-feed:/events:1280; web-feed:/events:390","Pending user/device/staging acceptance","Approved source, original before captures and backend contracts preserved"
"220","Events [BusinessSlug] [EventSlug]","/events/[businessSlug]/[eventSlug]","apps/web/src/app/events/[businessSlug]/[eventSlug]/page.tsx","Page","Source presentation review complete; browser attribution and platform limits below","Shared header through route/component dependency; existing Back callback/destination retained","Shared action/surface/heading/modal/header geometry; existing field/state/status/icon families retained with semantic variants","Inspected final source / dependency graph","No dedicated current runtime view; source/configuration/transition review only","","Pending user/device/staging acceptance","Approved source, original before captures and backend contracts preserved"
"221","Explore","/explore","apps/web/src/app/explore/page.tsx","Page","Source presentation review complete; browser attribution and platform limits below","Shared root header; Back omitted","Shared action/surface/heading/modal/header geometry; existing field/state/status/icon families retained with semantic variants","Inspected final source / dependency graph","Related page route captured; conditional branches are not all verified","pass-2:web:explore:1280; pass-2:web:explore:390","Pending user/device/staging acceptance","Approved source, original before captures and backend contracts preserved"
"222","Following","/following","apps/web/src/app/following/page.tsx","Page","Source presentation review complete; browser attribution and platform limits below","Shared root header; Back omitted","Shared action/surface/heading/modal/header geometry; existing field/state/status/icon families retained with semantic variants","Inspected final source / dependency graph","Related page route captured; conditional branches are not all verified","web-feed:/following:1280; web-feed:/following:390","Pending user/device/staging acceptance","Approved source, original before captures and backend contracts preserved"
"223","Invite Staff","/invite/staff","apps/web/src/app/invite/staff/page.tsx","Page","Source presentation review complete; browser attribution and platform limits below","Shared header through route/component dependency; existing Back callback/destination retained","Shared action/surface/heading/modal/header geometry; existing field/state/status/icon families retained with semantic variants","Inspected final source / dependency graph","Related page route captured; conditional branches are not all verified","remaining-web:staff-invite:1280; remaining-web:staff-invite:390","Pending user/device/staging acceptance","Approved source, original before captures and backend contracts preserved"
"224","Layout","/layout","apps/web/src/app/layout.tsx","Navigation","Source presentation review complete; browser attribution and platform limits below","Shared header through route/component dependency; existing Back callback/destination retained","Shared action/surface/heading/modal/header geometry; existing field/state/status/icon families retained with semantic variants","Inspected final source / dependency graph","No dedicated current runtime view; source/configuration/transition review only","","Pending user/device/staging acceptance","Approved source, original before captures and backend contracts preserved"
"225","Page","/page","apps/web/src/app/page.tsx","Page","Source presentation review complete; browser attribution and platform limits below","Shared header through route/component dependency; existing Back callback/destination retained","Shared action/surface/heading/modal/header geometry; existing field/state/status/icon families retained with semantic variants","Inspected final source / dependency graph","No dedicated current runtime view; source/configuration/transition review only","","Pending user/device/staging acceptance","Approved source, original before captures and backend contracts preserved"
"226","Rewards","/rewards","apps/web/src/app/rewards/page.tsx","Page","Source presentation review complete; browser attribution and platform limits below","Shared root header; Back omitted","Shared action/surface/heading/modal/header geometry; existing field/state/status/icon families retained with semantic variants","Inspected final source / dependency graph","Related page route captured; conditional branches are not all verified","pass-2:web:rewards:1280; pass-2:web:rewards:390","Pending user/device/staging acceptance","Approved source, original before captures and backend contracts preserved"
"227","Rewards [MembershipId]","/rewards/[membershipId]","apps/web/src/app/rewards/[membershipId]/page.tsx","Page","Source presentation review complete; browser attribution and platform limits below","Shared header through route/component dependency; existing Back callback/destination retained","Shared action/surface/heading/modal/header geometry; existing field/state/status/icon families retained with semantic variants","Inspected final source / dependency graph","No dedicated current runtime view; source/configuration/transition review only","","Pending user/device/staging acceptance","Approved source, original before captures and backend contracts preserved"
"228","Staff Invite","/staff-invite","apps/web/src/app/staff-invite/page.tsx","Page","Source presentation review complete; browser attribution and platform limits below","Shared header through route/component dependency; existing Back callback/destination retained","Shared action/surface/heading/modal/header geometry; existing field/state/status/icon families retained with semantic variants","Inspected final source / dependency graph","No dedicated current runtime view; source/configuration/transition review only","","Pending user/device/staging acceptance","Approved source, original before captures and backend contracts preserved"
"229","Business · Page preview","/business?id=fixture&section=preview","apps/mobile/src/lib/business-workspace-config.ts","Workspace page","Source presentation review complete; browser attribution and platform limits below","Shared header through route/component dependency; existing Back callback/destination retained","Shared action/surface/heading/modal/header geometry; existing field/state/status/icon families retained with semantic variants","Inspected final source / dependency graph","No dedicated current runtime view; source/configuration/transition review only","","Pending user/device/staging acceptance","Approved source, original before captures and backend contracts preserved"
"230","Business · Profile","/business?id=fixture&section=profile","apps/mobile/src/lib/business-workspace-config.ts","Workspace page","Source presentation review complete; browser attribution and platform limits below","Shared header through route/component dependency; existing Back callback/destination retained","Shared action/surface/heading/modal/header geometry; existing field/state/status/icon families retained with semantic variants","Inspected final source / dependency graph","No dedicated current runtime view; source/configuration/transition review only","","Pending user/device/staging acceptance","Approved source, original before captures and backend contracts preserved"
"231","Business · Contact","/business?id=fixture&section=contact","apps/mobile/src/lib/business-workspace-config.ts","Workspace page","Source presentation review complete; browser attribution and platform limits below","Shared header through route/component dependency; existing Back callback/destination retained","Shared action/surface/heading/modal/header geometry; existing field/state/status/icon families retained with semantic variants","Inspected final source / dependency graph","No dedicated current runtime view; source/configuration/transition review only","","Pending user/device/staging acceptance","Approved source, original before captures and backend contracts preserved"
"232","Business · Hours","/business?id=fixture&section=hours","apps/mobile/src/lib/business-workspace-config.ts","Workspace page","Source presentation review complete; browser attribution and platform limits below","Shared header through route/component dependency; existing Back callback/destination retained","Shared action/surface/heading/modal/header geometry; existing field/state/status/icon families retained with semantic variants","Inspected final source / dependency graph","No dedicated current runtime view; source/configuration/transition review only","","Pending user/device/staging acceptance","Approved source, original before captures and backend contracts preserved"
"233","Business · Appointments","/business?id=fixture&section=appointments","apps/mobile/src/lib/business-workspace-config.ts","Workspace page","Source presentation review complete; browser attribution and platform limits below","Shared header through route/component dependency; existing Back callback/destination retained","Shared action/surface/heading/modal/header geometry; existing field/state/status/icon families retained with semantic variants","Inspected final source / dependency graph","No dedicated current runtime view; source/configuration/transition review only","","Pending user/device/staging acceptance","Approved source, original before captures and backend contracts preserved"
"234","Business · Ordering and payments","/business?id=fixture&section=ordering","apps/mobile/src/lib/business-workspace-config.ts","Workspace page","Source presentation review complete; browser attribution and platform limits below","Shared header through route/component dependency; existing Back callback/destination retained","Shared action/surface/heading/modal/header geometry; existing field/state/status/icon families retained with semantic variants","Inspected final source / dependency graph","No dedicated current runtime view; source/configuration/transition review only","","Pending user/device/staging acceptance","Approved source, original before captures and backend contracts preserved"
"235","Business · Location and service area","/business?id=fixture&section=location","apps/mobile/src/lib/business-workspace-config.ts","Workspace page","Source presentation review complete; browser attribution and platform limits below","Shared header through route/component dependency; existing Back callback/destination retained","Shared action/surface/heading/modal/header geometry; existing field/state/status/icon families retained with semantic variants","Inspected final source / dependency graph","No dedicated current runtime view; source/configuration/transition review only","","Pending user/device/staging acceptance","Approved source, original before captures and backend contracts preserved"
"236","Business · Current location","/business?id=fixture&section=mobile-location","apps/mobile/src/lib/business-workspace-config.ts","Workspace page","Source presentation review complete; browser attribution and platform limits below","Shared header through route/component dependency; existing Back callback/destination retained","Shared action/surface/heading/modal/header geometry; existing field/state/status/icon families retained with semantic variants","Inspected final source / dependency graph","No dedicated current runtime view; source/configuration/transition review only","","Pending user/device/staging acceptance","Approved source, original before captures and backend contracts preserved"
"237","Business · Services","/business?id=fixture&section=offerings","apps/mobile/src/lib/business-workspace-config.ts","Workspace page","Source presentation review complete; browser attribution and platform limits below","Shared header through route/component dependency; existing Back callback/destination retained","Shared action/surface/heading/modal/header geometry; existing field/state/status/icon families retained with semantic variants","Inspected final source / dependency graph","No dedicated current runtime view; source/configuration/transition review only","","Pending user/device/staging acceptance","Approved source, original before captures and backend contracts preserved"
"238","Business · Photos","/business?id=fixture&section=photos","apps/mobile/src/lib/business-workspace-config.ts","Workspace page","Source presentation review complete; browser attribution and platform limits below","Shared header through route/component dependency; existing Back callback/destination retained","Shared action/surface/heading/modal/header geometry; existing field/state/status/icon families retained with semantic variants","Inspected final source / dependency graph","No dedicated current runtime view; source/configuration/transition review only","","Pending user/device/staging acceptance","Approved source, original before captures and backend contracts preserved"
"239","Business · Events","/business?id=fixture&section=events","apps/mobile/src/lib/business-workspace-config.ts","Workspace page","Source presentation review complete; browser attribution and platform limits below","Shared header through route/component dependency; existing Back callback/destination retained","Shared action/surface/heading/modal/header geometry; existing field/state/status/icon families retained with semantic variants","Inspected final source / dependency graph","No dedicated current runtime view; source/configuration/transition review only","","Pending user/device/staging acceptance","Approved source, original before captures and backend contracts preserved"
"240","Business · Updates","/business?id=fixture&section=updates","apps/mobile/src/lib/business-workspace-config.ts","Workspace page","Source presentation review complete; browser attribution and platform limits below","Shared header through route/component dependency; existing Back callback/destination retained","Shared action/surface/heading/modal/header geometry; existing field/state/status/icon families retained with semantic variants","Inspected final source / dependency graph","No dedicated current runtime view; source/configuration/transition review only","","Pending user/device/staging acceptance","Approved source, original before captures and backend contracts preserved"
"241","Business · Rewards","/business?id=fixture&section=rewards","apps/mobile/src/lib/business-workspace-config.ts","Workspace page","Source presentation review complete; browser attribution and platform limits below","Shared header through route/component dependency; existing Back callback/destination retained","Shared action/surface/heading/modal/header geometry; existing field/state/status/icon families retained with semantic variants","Inspected final source / dependency graph","No dedicated current runtime view; source/configuration/transition review only","","Pending user/device/staging acceptance","Approved source, original before captures and backend contracts preserved"
"242","Business · Staff","/business?id=fixture&section=staff","apps/mobile/src/lib/business-workspace-config.ts","Workspace page","Source presentation review complete; browser attribution and platform limits below","Shared header through route/component dependency; existing Back callback/destination retained","Shared action/surface/heading/modal/header geometry; existing field/state/status/icon families retained with semantic variants","Inspected final source / dependency graph","No dedicated current runtime view; source/configuration/transition review only","","Pending user/device/staging acceptance","Approved source, original before captures and backend contracts preserved"
"243","Business · QR materials","/business?id=fixture&section=qr","apps/mobile/src/lib/business-workspace-config.ts","Workspace page","Source presentation review complete; browser attribution and platform limits below","Shared header through route/component dependency; existing Back callback/destination retained","Shared action/surface/heading/modal/header geometry; existing field/state/status/icon families retained with semantic variants","Inspected final source / dependency graph","No dedicated current runtime view; source/configuration/transition review only","","Pending user/device/staging acceptance","Approved source, original before captures and backend contracts preserved"
"244","Business · Sharing","/business?id=fixture&section=sharing","apps/mobile/src/lib/business-workspace-config.ts","Workspace page","Source presentation review complete; browser attribution and platform limits below","Shared header through route/component dependency; existing Back callback/destination retained","Shared action/surface/heading/modal/header geometry; existing field/state/status/icon families retained with semantic variants","Inspected final source / dependency graph","No dedicated current runtime view; source/configuration/transition review only","","Pending user/device/staging acceptance","Approved source, original before captures and backend contracts preserved"
"245","Business · Publish","/business?id=fixture&section=review","apps/mobile/src/lib/business-workspace-config.ts","Workspace page","Source presentation review complete; browser attribution and platform limits below","Shared header through route/component dependency; existing Back callback/destination retained","Shared action/surface/heading/modal/header geometry; existing field/state/status/icon families retained with semantic variants","Inspected final source / dependency graph","No dedicated current runtime view; source/configuration/transition review only","","Pending user/device/staging acceptance","Approved source, original before captures and backend contracts preserved"
"246","Business menu","/b/[slug] · pickup menu","apps/mobile/src/components/stripe-ordering-panel.tsx","Ordering step","Source presentation review complete; browser attribution and platform limits below","Shared header through route/component dependency; existing Back callback/destination retained","Shared action/surface/heading/modal/header geometry; existing field/state/status/icon families retained with semantic variants","Inspected final source / dependency graph","No dedicated current runtime view; source/configuration/transition review only","","Pending user/device/staging acceptance","Approved source, original before captures and backend contracts preserved"
"247","Menu item customization","/b/[slug] · pickup customization","apps/mobile/src/components/stripe-ordering-panel.tsx","Ordering step","Source presentation review complete; browser attribution and platform limits below","Shared header through route/component dependency; existing Back callback/destination retained","Shared action/surface/heading/modal/header geometry; existing field/state/status/icon families retained with semantic variants","Inspected final source / dependency graph","No dedicated current runtime view; source/configuration/transition review only","","Pending user/device/staging acceptance","Approved source, original before captures and backend contracts preserved"
"248","Cart","/b/[slug] · pickup cart","apps/mobile/src/components/stripe-ordering-panel.tsx","Ordering step","Source presentation review complete; browser attribution and platform limits below","Shared header through route/component dependency; existing Back callback/destination retained","Shared action/surface/heading/modal/header geometry; existing field/state/status/icon families retained with semantic variants","Inspected final source / dependency graph","No dedicated current runtime view; source/configuration/transition review only","","Pending user/device/staging acceptance","Approved source, original before captures and backend contracts preserved"
"249","Pickup scheduling","/b/[slug] · pickup schedule","apps/mobile/src/components/stripe-ordering-panel.tsx","Ordering step","Source presentation review complete; browser attribution and platform limits below","Shared header through route/component dependency; existing Back callback/destination retained","Shared action/surface/heading/modal/header geometry; existing field/state/status/icon families retained with semantic variants","Inspected final source / dependency graph","No dedicated current runtime view; source/configuration/transition review only","","Pending user/device/staging acceptance","Approved source, original before captures and backend contracts preserved"
"250","Checkout contact and review","/b/[slug] · pickup checkout","apps/mobile/src/components/stripe-ordering-panel.tsx","Ordering step","Source presentation review complete; browser attribution and platform limits below","Shared header through route/component dependency; existing Back callback/destination retained","Shared action/surface/heading/modal/header geometry; existing field/state/status/icon families retained with semantic variants","Inspected final source / dependency graph","No dedicated current runtime view; source/configuration/transition review only","","Pending user/device/staging acceptance","Approved source, original before captures and backend contracts preserved"
"251","Hosted payment return","/b/[slug] · pickup payment-return","apps/mobile/src/components/stripe-ordering-panel.tsx","Ordering step","Source presentation review complete; browser attribution and platform limits below","Shared header through route/component dependency; existing Back callback/destination retained","Shared action/surface/heading/modal/header geometry; existing field/state/status/icon families retained with semantic variants","Inspected final source / dependency graph","No dedicated current runtime view; source/configuration/transition review only","","Pending user/device/staging acceptance","Approved source, original before captures and backend contracts preserved"